model,repeat,magnitude,kind,recall,precision,f1,median_delay_detected,false_alarms_per_100,events,alarms,random_recall_same_monthly_rate
robust_innovation,0,0.05,step,0.18413173652694612,0.2342857142857143,0.20620284995808885,0.0,2.6257396449704142,668,525,0.0767219399289436
discounted_cusum,0,0.05,step,0.19311377245508982,0.22552447552447552,0.20806451612903223,0.0,2.8229783037475342,668,572,0.08232108405845451
window_glr,0,0.05,step,0.18712574850299402,0.22644927536231885,0.20491803278688525,1.0,2.7983234714003946,668,552,0.08162243245848777
bayesian_runlength,0,0.05,step,0.31137724550898205,0.3234836702954899,0.3173150266971777,1.0,3.242110453648915,668,643,0.0941440082827667
robust_innovation,0,0.05,ramp,0.061654135338345864,0.09403669724770643,0.07447774750227065,1.0,2.6386843397152675,665,436,0.0770901059268897
discounted_cusum,0,0.05,ramp,0.08571428571428572,0.11154598825831702,0.09693877551020409,1.0,3.0682376043200783,665,511,0.08925178817102519
window_glr,0,0.05,ramp,0.10526315789473684,0.14227642276422764,0.12100259291270526,1.0,2.933235149729995,665,492,0.08544113112815888
bayesian_runlength,0,0.05,ramp,0.22406015037593985,0.2442622950819672,0.23372549019607844,2.0,3.3750613647520864,665,610,0.09787297463417166
robust_innovation,0,0.05,temporary,0.30177514792899407,0.3469387755102041,0.3227848101265823,2.0,2.4575848303393215,676,588,0.07193047108279704
discounted_cusum,0,0.05,temporary,0.3062130177514793,0.30666666666666664,0.306439674315322,2.0,3.0813373253493013,676,675,0.08962098403443886
window_glr,0,0.05,temporary,0.1908284023668639,0.2107843137254902,0.2003105590062112,1.0,2.8567864271457086,676,612,0.08327853909462535
bayesian_runlength,0,0.05,temporary,0.2869822485207101,0.26869806094182824,0.27753934191702434,1.0,3.5304391217564874,676,722,0.10221797692956514
robust_innovation,0,0.1,step,0.682089552238806,0.5519323671497585,0.6101468624833111,0.0,2.522255192878338,670,828,0.07377517041954118
discounted_cusum,0,0.1,step,0.6835820895522388,0.5066371681415929,0.5819567979669631,0.0,2.843719090009891,670,904,0.08290854763340472
window_glr,0,0.1,step,0.6208955223880597,0.463768115942029,0.5309508615188258,0.0,2.93026706231454,670,897,0.08535723298822728
bayesian_runlength,0,0.1,step,0.7223880597014926,0.5255157437567861,0.6084223758642364,0.0,3.4248269040553905,670,921,0.09926614662420119
robust_innovation,0,0.1,ramp,0.11561561561561562,0.16997792494481237,0.13762287756925828,1.0,2.4950835791543757,666,453,0.07300040775281591
discounted_cusum,0,0.1,ramp,0.22672672672672672,0.2572402044293015,0.24102154828411812,1.0,2.7777777777777777,666,587,0.08103995198902614
window_glr,0,0.1,ramp,0.22372372372372373,0.26512455516014233,0.24267100977198697,1.0,2.5934119960668633,666,562,0.07580206688113111
bayesian_runlength,0,0.1,ramp,0.53003003003003,0.43742255266418834,0.4792939579090291,1.0,2.8023598820058995,666,807,0.08173683773891205
robust_innovation,0,0.1,temporary,0.86608442503639,0.6217345872518286,0.7238442822384428,0.0,2.422628107559614,687,957,0.07093232385443693
discounted_cusum,0,0.1,temporary,0.868995633187773,0.5159896283491789,0.6475054229934923,0.0,2.8665651953323183,687,1157,0.08355535218235388
window_glr,0,0.1,temporary,0.6622998544395924,0.40408525754884544,0.5019305019305019,0.0,2.752409944190766,687,1126,0.08032042177399645
bayesian_runlength,0,0.1,temporary,0.7059679767103348,0.4155955441302485,0.52319309600863,0.0,3.1963470319634704,687,1167,0.09285807656315903
robust_innovation,0,0.2,step,0.9101620029455081,0.6106719367588933,0.7309284447072738,0.0,2.368421052631579,679,1012,0.06938309155853617
discounted_cusum,0,0.2,step,0.9631811487481591,0.5325732899022801,0.6858940744625066,0.0,2.531328320802005,679,1228,0.07403378250149217
window_glr,0,0.2,step,0.9558173784977909,0.4472777394900069,0.6093896713615023,0.0,2.531328320802005,679,1451,0.07403378250149217
bayesian_runlength,0,0.2,step,0.9587628865979382,0.6153119092627599,0.7495682210708117,0.0,3.270676691729323,679,1058,0.09494609044021662
robust_innovation,0,0.2,ramp,0.4375,0.45528455284552843,0.44621513944223107,0.0,2.1898674242424243,640,615,0.06426786847812083
discounted_cusum,0,0.2,ramp,0.7640625,0.5147368421052632,0.6150943396226416,1.0,2.556818181818182,640,950,0.07476006442671146
window_glr,0,0.2,ramp,0.6515625,0.5018050541516246,0.5669612508497621,1.0,2.237215909090909,640,831,0.06562613433326292
bayesian_runlength,0,0.2,ramp,0.88125,0.5160109789569991,0.6508944027697633,1.0,3.4801136363636362,640,1093,0.10081220013498804
robust_innovation,0,0.2,temporary,0.9971223021582734,0.65625,0.7915476870359793,0.0,2.4396507447354905,695,1056,0.07141847416209257
discounted_cusum,0,0.2,temporary,0.9985611510791367,0.41309523809523807,0.584421052631579,0.0,2.9147406266050337,695,1680,0.08491826772163757
window_glr,0,0.2,temporary,0.981294964028777,0.3974358974358974,0.5657403566984653,0.0,2.773497688751926,695,1716,0.08091857838065797
bayesian_runlength,0,0.2,temporary,0.9568345323741008,0.4166666666666667,0.5805325185508511,0.0,3.1073446327683616,695,1596,0.09035366503084719
robust_innovation,1,0.05,step,0.1796759941089838,0.2378167641325536,0.2046979865771812,0.0,2.518796992481203,679,513,0.07367658838783875
discounted_cusum,1,0.05,step,0.19440353460972018,0.2268041237113402,0.20935765265662173,0.0,3.007518796992481,679,582,0.08753921663223008
window_glr,1,0.05,step,0.22238586156111928,0.26352530541012215,0.24121405750798722,1.0,2.8696741854636594,679,573,0.08364334843750343
bayesian_runlength,1,0.05,step,0.32106038291605304,0.3268365817091454,0.32392273402674593,1.0,3.3959899749373434,679,667,0.09845903997144323
robust_innovation,1,0.05,ramp,0.06751054852320675,0.1103448275862069,0.0837696335078534,1.0,2.619799894681411,711,435,0.07655297200149624
discounted_cusum,1,0.05,ramp,0.09282700421940929,0.12915851272015655,0.10801963993453355,1.0,2.856766719325961,711,511,0.08327798115801899
window_glr,1,0.05,ramp,0.10829817158931083,0.15975103734439833,0.12908633696563288,1.0,2.659294365455503,711,482,0.07767608312863172
bayesian_runlength,1,0.05,ramp,0.18846694796061886,0.22635135135135134,0.2056792018419033,2.0,2.962085308056872,711,592,0.0862563636165733
robust_innovation,1,0.05,temporary,0.31029411764705883,0.35343383584589616,0.3304620203602193,1.0,2.6857429718875503,680,597,0.07842769740563982
discounted_cusum,1,0.05,temporary,0.3176470588235294,0.3181148748159057,0.3178807947019867,1.0,3.0998995983935744,680,679,0.09014396280128645
window_glr,1,0.05,temporary,0.19558823529411765,0.22203672787979967,0.2079749804534793,1.0,2.873995983935743,680,599,0.08376566242747607
bayesian_runlength,1,0.05,temporary,0.27058823529411763,0.26173541963015645,0.2660882140274765,1.0,3.275602409638554,680,703,0.09508434675444799
robust_innovation,1,0.1,step,0.6892911010558069,0.545346062052506,0.6089273817455031,0.0,2.606461086637298,663,838,0.07617344813699545
discounted_cusum,1,0.1,step,0.698340874811463,0.5133037694013304,0.5916932907348242,0.0,2.875673029858052,663,902,0.08381312264816498
window_glr,1,0.1,step,0.6349924585218703,0.46061269146608314,0.5339251743817375,0.0,2.8022515907978462,663,914,0.08173376853050873
bayesian_runlength,1,0.1,step,0.7496229260935143,0.5431693989071038,0.6299112801013942,0.0,3.010279001468429,663,915,0.08761711462909494
robust_innovation,1,0.1,ramp,0.12066365007541478,0.175054704595186,0.14285714285714288,1.0,2.6186979931473324,663,457,0.0765216239694606
discounted_cusum,1,0.1,ramp,0.248868778280543,0.2736318407960199,0.2606635071090047,1.0,3.1448849730788058,663,603,0.09141056260474256
window_glr,1,0.1,ramp,0.2171945701357466,0.2603978300180832,0.23684210526315788,1.0,2.9001468428781205,663,553,0.08450554247830011
bayesian_runlength,1,0.1,ramp,0.5143288084464555,0.4189189189189189,0.4617467840216656,1.0,3.1326480665687715,663,814,0.09106613901576366
robust_innovation,1,0.1,temporary,0.8905547226386806,0.6181061394380853,0.7297297297297298,0.0,2.6957163958641064,667,961,0.07871101527597213
discounted_cusum,1,0.1,temporary,0.8860569715142429,0.5025510204081632,0.6413456321215409,0.0,3.052683407188577,667,1176,0.08881328699839142
window_glr,1,0.1,temporary,0.6926536731634183,0.41323792486583183,0.5176470588235293,0.0,2.892663712456918,667,1118,0.0842938647410123
bayesian_runlength,1,0.1,temporary,0.697151424287856,0.3924050632911392,0.5021598272138228,0.0,3.2003938946331854,667,1185,0.09297184061668651
robust_innovation,1,0.2,step,0.9084084084084084,0.6104944500504541,0.7302353651176826,0.0,2.6057030481809242,666,991,0.07615187684453384
discounted_cusum,1,0.2,step,0.954954954954955,0.5191836734693878,0.6726599682707562,0.0,2.999016715830875,666,1225,0.08729924455640437
window_glr,1,0.2,step,0.954954954954955,0.44600280504908835,0.6080305927342257,0.0,2.8638151425762044,666,1426,0.0834775105259924
bayesian_runlength,1,0.2,step,0.954954954954955,0.6204878048780488,0.7522176227084565,0.0,3.2448377581120944,666,1025,0.09422060592656978
robust_innovation,1,0.2,ramp,0.48592592592592593,0.4924924924924925,0.4891871737509322,0.0,2.3168908819133036,675,666,0.06790876848148919
discounted_cusum,1,0.2,ramp,0.7718518518518519,0.5215215215215215,0.6224611708482677,1.0,2.4788241155954163,675,999,0.07253658407485253
window_glr,1,0.2,ramp,0.6488888888888888,0.512280701754386,0.5725490196078431,1.0,2.2546088689586448,675,855,0.06612474848883965
bayesian_runlength,1,0.2,ramp,0.8903703703703704,0.5239755884917175,0.6597145993413831,1.0,3.1390134529147984,675,1147,0.09124531192245822
robust_innovation,1,0.2,temporary,0.9911111111111112,0.6488845780795345,0.7842907385697537,0.0,2.4165421026407574,675,1031,0.07075847218134879
discounted_cusum,1,0.2,temporary,0.9911111111111112,0.40693430656934304,0.5769728331177231,0.0,2.9023418036870954,675,1644,0.08456762585841493
window_glr,1,0.2,temporary,0.9762962962962963,0.3901716992303138,0.5575296108291032,0.0,2.852516193323368,675,1689,0.08315764170223827
bayesian_runlength,1,0.2,temporary,0.957037037037037,0.410680228862047,0.5747330960854093,0.0,3.338315894369706,675,1573,0.09684337429869849
robust_innovation,2,0.05,step,0.1572700296735905,0.2150101419878296,0.18166238217652098,0.0,2.400497512437811,674,493,0.07030004147976565
discounted_cusum,2,0.05,step,0.1913946587537092,0.23583180987202926,0.21130221130221133,0.0,2.5373134328358207,674,547,0.07420435026914873
window_glr,2,0.05,step,0.20474777448071216,0.25461254612546125,0.2269736842105263,1.0,2.711442786069652,674,542,0.07915764130327296
bayesian_runlength,2,0.05,step,0.31750741839762614,0.33178294573643413,0.32448824867323733,1.0,2.9975124378109452,674,645,0.08725678178137619
robust_innovation,2,0.05,ramp,0.05303030303030303,0.07990867579908675,0.06375227686703096,1.0,2.6803118908382064,660,438,0.07827339072865191
discounted_cusum,2,0.05,ramp,0.0893939393939394,0.11545988258317025,0.10076857386848848,1.0,2.9605263157894735,660,511,0.08621232282630475
window_glr,2,0.05,ramp,0.10454545454545454,0.14081632653061224,0.12000000000000001,1.0,2.7655945419103314,660,490,0.08069443499251405
bayesian_runlength,2,0.05,ramp,0.2196969696969697,0.2461799660441426,0.23218574859887908,1.0,2.8874269005847952,660,589,0.08414570993971249
robust_innovation,2,0.05,temporary,0.3208092485549133,0.37,0.3436532507739938,2.0,2.5690184049079754,692,600,0.07510755062822805
discounted_cusum,2,0.05,temporary,0.32803468208092484,0.33284457478005863,0.3304221251819505,1.0,2.8502044989775053,692,682,0.08309218937201401
window_glr,2,0.05,temporary,0.1907514450867052,0.22,0.2043343653250774,1.0,2.6201431492842535,692,600,0.07656273711776806
bayesian_runlength,2,0.05,temporary,0.29335260115606937,0.2851123595505618,0.28917378917378916,1.0,3.156952965235174,692,712,0.09175014665421999
robust_innovation,2,0.1,step,0.6429608127721336,0.5415647921760391,0.5879230258792303,0.0,2.480916030534351,689,818,0.07259626751096826
discounted_cusum,2,0.1,step,0.6734397677793904,0.5048966267682263,0.5771144278606966,0.0,2.849872773536896,689,919,0.08308279678345043
window_glr,2,0.1,step,0.6415094339622641,0.4692144373673036,0.5419987737584304,0.0,2.659033078880407,689,942,0.0776686558708567
bayesian_runlength,2,0.1,step,0.7445573294629898,0.5417106652587117,0.6271393643031785,0.0,2.926208651399491,689,947,0.08524250665877708
robust_innovation,2,0.1,ramp,0.13744075829383887,0.18550106609808104,0.15789473684210528,1.0,2.484763244256915,633,469,0.07270602386218739
discounted_cusum,2,0.1,ramp,0.22432859399684044,0.24482758620689654,0.2341302555647156,1.0,2.8598218471636194,633,580,0.08336447040026984
window_glr,2,0.1,ramp,0.21642969984202212,0.24551971326164876,0.2300587741393787,2.0,2.6371308016877637,633,558,0.07704592620875217
bayesian_runlength,2,0.1,ramp,0.5339652448657188,0.42092154420921546,0.4707520891364903,2.0,3.2231598687294887,633,803,0.0936116528329013
robust_innovation,2,0.1,temporary,0.869942196531792,0.6130346232179226,0.7192353643966547,0.0,2.5178936605316973,692,982,0.07365083618346469
discounted_cusum,2,0.1,temporary,0.8670520231213873,0.5163511187607573,0.6472491909385114,0.0,2.824642126789366,692,1162,0.08236821955890572
window_glr,2,0.1,temporary,0.6358381502890174,0.39819004524886875,0.48970506399554814,0.0,2.773517382413088,692,1105,0.08091913687265373
bayesian_runlength,2,0.1,temporary,0.6936416184971098,0.410958904109589,0.5161290322580645,0.0,3.105828220858896,692,1168,0.09031095528823108
robust_innovation,2,0.2,step,0.9195230998509687,0.6238624873609707,0.7433734939759037,0.0,2.352649826646855,671,989,0.06893202826288303
discounted_cusum,2,0.2,step,0.9791356184798807,0.5285599356395817,0.6865203761755486,0.0,2.6498266468548786,671,1243,0.07740693100125329
window_glr,2,0.2,step,0.9582712369597616,0.43771272974812797,0.6009345794392523,0.0,2.860326894502229,671,1469,0.08337876753055873
bayesian_runlength,2,0.2,step,0.96274217585693,0.6170009551098377,0.7520372526193247,0.0,3.0955918771669144,671,1047,0.09002261368845932
robust_innovation,2,0.2,ramp,0.4675925925925926,0.46687211093990755,0.46723207401696215,0.0,2.3227969348659006,648,649,0.06807782475092583
discounted_cusum,2,0.2,ramp,0.7623456790123457,0.5071868583162218,0.6091245376078915,1.0,2.478448275862069,648,974,0.07252586089776314
window_glr,2,0.2,ramp,0.6419753086419753,0.49406175771971494,0.5583892617449664,1.0,2.5023946360153255,648,842,0.07320891534859841
bayesian_runlength,2,0.2,ramp,0.8888888888888888,0.526508226691042,0.6613088404133179,1.0,2.7298850574712645,648,1094,0.07968121384317906
robust_innovation,2,0.2,temporary,0.9953560371517027,0.6285434995112414,0.7705212702216896,0.0,2.650429799426934,646,1023,0.077424079227569
discounted_cusum,2,0.2,temporary,0.9953560371517027,0.4059343434343434,0.5766816143497757,0.0,3.0563514804202483,646,1584,0.08891670934936635
window_glr,2,0.2,temporary,0.9845201238390093,0.38946723821187995,0.5581395348837208,0.0,2.626552053486151,646,1633,0.07674504889113709
bayesian_runlength,2,0.2,temporary,0.9566563467492261,0.4015594541910331,0.565675057208238,0.0,3.4264565425023883,646,1539,0.09931174361466277
