model,magnitude,kind,recall,precision,f1,median_delay_detected,false_alarms_per_100,events,alarms,random_recall_same_monthly_rate
robust_innovation,0.05,step,0.16279069767441862,0.22764227642276422,0.1898305084745763,0.0,2.642276422764228,344,246,0.07719225265696028
discounted_cusum,0.05,step,0.18604651162790697,0.2397003745318352,0.2094926350245499,0.0,2.693089430894309,344,267,0.07863639597433791
window_glr,0.05,step,0.20930232558139536,0.26277372262773724,0.23300970873786409,1.0,2.591463414634146,344,274,0.07574660109604647
bayesian_runlength,0.05,step,0.30523255813953487,0.32710280373831774,0.31578947368421045,1.0,2.997967479674797,344,321,0.08726962684661077
robust_innovation,0.05,ramp,0.057971014492753624,0.0881057268722467,0.06993006993006994,2.0,2.803261977573904,345,227,0.08176240482387098
discounted_cusum,0.05,ramp,0.08985507246376812,0.12653061224489795,0.10508474576271186,1.0,2.726809378185525,345,245,0.07959390969226388
window_glr,0.05,ramp,0.10144927536231885,0.1417004048582996,0.11824324324324324,1.0,2.7013251783893986,345,247,0.07887032003174
bayesian_runlength,0.05,ramp,0.20869565217391303,0.24161073825503357,0.22395023328149302,2.0,3.109072375127421,345,298,0.0904023252664744
robust_innovation,0.05,temporary,0.27794561933534745,0.3262411347517731,0.300163132137031,0.0,2.7370478983382207,331,282,0.07988451199682278
discounted_cusum,0.05,temporary,0.24471299093655588,0.28125,0.2617124394184168,0.0,2.956989247311828,331,288,0.0861123970761738
window_glr,0.05,temporary,0.1661631419939577,0.1903114186851211,0.1774193548387097,1.0,3.225806451612903,331,289,0.09368601255412701
bayesian_runlength,0.05,temporary,0.2598187311178248,0.2536873156342183,0.25671641791044775,1.0,3.3235581622678394,331,339,0.09642964536324916
robust_innovation,0.1,step,0.6686746987951807,0.5414634146341464,0.5983827493261457,0.0,2.4754901960784315,332,410,0.07244146030102028
discounted_cusum,0.1,step,0.6987951807228916,0.5155555555555555,0.5933503836317136,0.0,2.8676470588235294,332,450,0.08358597367634335
window_glr,0.1,step,0.6355421686746988,0.44798301486199577,0.5255292652552926,0.0,3.1127450980392157,332,471,0.090505758281482
bayesian_runlength,0.1,step,0.6927710843373494,0.5287356321839081,0.5997392438070405,0.0,3.014705882352941,332,435,0.08774204001183084
robust_innovation,0.1,ramp,0.10882352941176471,0.15611814345991562,0.12824956672443674,1.0,2.5602409638554215,340,237,0.07485756073174976
discounted_cusum,0.1,ramp,0.2088235294117647,0.23986486486486486,0.22327044025157236,1.0,2.6606425702811247,340,296,0.07771440618140213
window_glr,0.1,ramp,0.21470588235294116,0.2616487455197133,0.2358642972536349,1.0,2.86144578313253,340,279,0.0834104410547547
bayesian_runlength,0.1,ramp,0.4970588235294118,0.42676767676767674,0.4592391304347826,1.0,2.886546184738956,340,396,0.08412079201172995
robust_innovation,0.1,temporary,0.8664772727272727,0.6075697211155379,0.7142857142857142,0.0,2.734375,352,502,0.07980865240097046
discounted_cusum,0.1,temporary,0.8579545454545454,0.5233968804159446,0.6501614639397202,0.0,2.734375,352,577,0.07980865240097046
window_glr,0.1,temporary,0.6306818181818182,0.39361702127659576,0.48471615720524014,0.0,2.7864583333333335,352,564,0.08128608002486049
bayesian_runlength,0.1,temporary,0.6818181818181818,0.41450777202072536,0.5155746509129967,0.0,2.8125,352,579,0.08202420043945302
robust_innovation,0.2,step,0.9415041782729805,0.6353383458646616,0.7586980920314254,0.0,2.6624068157614484,359,532,0.07776455368829671
discounted_cusum,0.2,step,0.9749303621169917,0.5529225908372828,0.7056451612903226,0.0,2.529286474973376,359,633,0.0739755878067132
window_glr,0.2,step,0.947075208913649,0.4467805519053876,0.6071428571428571,0.0,2.7955271565495208,359,761,0.08154317003826939
bayesian_runlength,0.2,step,0.9721448467966574,0.6547842401500938,0.7825112107623319,0.0,3.1150159744408943,359,533,0.09056970788780838
robust_innovation,0.2,ramp,0.3753581661891118,0.43521594684385384,0.4030769230769231,0.0,2.3993808049535605,349,301,0.07026812897752299
discounted_cusum,0.2,ramp,0.7392550143266475,0.5524625267665952,0.6323529411764705,1.0,2.60577915376677,349,467,0.0761540425754822
window_glr,0.2,ramp,0.6045845272206304,0.5146341463414634,0.5559947299077734,1.0,2.4251805985552117,349,410,0.07100523137793313
bayesian_runlength,0.2,ramp,0.8681948424068768,0.5325131810193322,0.6601307189542485,1.0,3.0959752321981426,349,569,0.0900334132909566
robust_innovation,0.2,temporary,0.9937694704049844,0.6279527559055118,0.7696019300361882,0.0,2.5878442545109213,321,508,0.07564357690187606
discounted_cusum,0.2,temporary,0.9968847352024922,0.418848167539267,0.5898617511520737,0.0,2.5878442545109213,321,764,0.07564357690187606
window_glr,0.2,temporary,0.9626168224299065,0.3819530284301607,0.5469026548672566,0.0,2.872744539411206,321,809,0.08373024561308673
bayesian_runlength,0.2,temporary,0.9376947040498442,0.4095238095238095,0.5700757575757576,0.0,2.611585944919278,321,735,0.07631927601481281
