model,quantile,threshold,calibration_far
robust_innovation,0.9,1.9721952766430526,0.08159722222222222
robust_innovation,0.93,2.2053507483003467,0.06039186507936508
robust_innovation,0.95,2.4561636283729396,0.04476686507936508
robust_innovation,0.97,2.7513357906929095,0.02765376984126984
robust_innovation,0.98,2.9899211610960226,0.018849206349206348
robust_innovation,0.99,3.375773836648608,0.009672619047619048
robust_innovation,0.995,3.810995664005276,0.005084325396825397
discounted_cusum,0.9,1.808861106380732,0.07118055555555555
discounted_cusum,0.93,2.0715874540337658,0.05295138888888889
discounted_cusum,0.95,2.303367995350404,0.03881448412698413
discounted_cusum,0.97,2.6034847226816473,0.023809523809523808
discounted_cusum,0.98,2.8890759739882994,0.015749007936507936
discounted_cusum,0.99,3.3781766985269535,0.00818452380952381
discounted_cusum,0.995,3.8736538710217285,0.004340277777777778
window_glr,0.9,2.418035538465645,0.06634424603174603
window_glr,0.93,2.6567348363052417,0.046750992063492064
window_glr,0.95,2.8884987201463592,0.03447420634920635
window_glr,0.97,3.2682232211179087,0.0220734126984127
window_glr,0.98,3.5293813770883786,0.015004960317460318
window_glr,0.99,3.9938679800416357,0.008308531746031746
window_glr,0.995,4.358980845382687,0.004092261904761905
bayesian_runlength,0.9,0.42404903593915694,0.051215277777777776
bayesian_runlength,0.93,0.6542452885860003,0.03782242063492063
bayesian_runlength,0.95,0.8034085776410841,0.027529761904761904
bayesian_runlength,0.97,0.9660624943123189,0.016741071428571428
bayesian_runlength,0.98,0.9917065934212649,0.011780753968253968
bayesian_runlength,0.99,0.9994309042149703,0.005828373015873016
bayesian_runlength,0.995,0.9999874075151288,0.003224206349206349
