territory_id,partition
1,evaluation
2,evaluation
3,evaluation
4,calibration
5,calibration
6,evaluation
7,evaluation
8,evaluation
9,evaluation
10,calibration
11,evaluation
12,calibration
13,calibration
14,evaluation
15,evaluation
16,calibration
17,calibration
18,evaluation
19,evaluation
20,evaluation
21,calibration
22,calibration
23,calibration
25,evaluation
26,evaluation
27,evaluation
28,evaluation
29,calibration
30,evaluation
31,calibration
32,calibration
33,evaluation
34,evaluation
35,evaluation
36,evaluation
37,evaluation
38,evaluation
39,evaluation
40,calibration
41,evaluation
42,evaluation
43,evaluation
44,calibration
45,calibration
46,evaluation
47,evaluation
48,calibration
49,evaluation
50,evaluation
51,calibration
52,evaluation
53,calibration
54,evaluation
55,evaluation
56,evaluation
57,evaluation
58,calibration
59,evaluation
60,calibration
61,evaluation
62,evaluation
63,evaluation
65,evaluation
66,evaluation
67,evaluation
68,calibration
69,evaluation
70,calibration
71,evaluation
72,evaluation
73,calibration
74,evaluation
75,calibration
76,evaluation
77,evaluation
78,evaluation
79,evaluation
80,evaluation
81,calibration
82,calibration
83,calibration
167,evaluation
168,calibration
169,evaluation
173,calibration
181,calibration
184,calibration
185,calibration
188,evaluation
191,evaluation
194,evaluation
195,calibration
196,evaluation
198,calibration
201,evaluation
203,evaluation
204,evaluation
205,calibration
206,calibration
207,calibration
208,calibration
209,evaluation
210,evaluation
211,evaluation
212,evaluation
213,calibration
214,calibration
215,evaluation
216,evaluation
217,calibration
218,evaluation
219,evaluation
220,evaluation
221,calibration
222,evaluation
223,calibration
224,calibration
225,evaluation
226,evaluation
227,calibration
228,evaluation
229,evaluation
230,evaluation
231,evaluation
232,calibration
233,evaluation
234,evaluation
235,calibration
236,calibration
237,calibration
238,evaluation
239,evaluation
240,calibration
241,evaluation
242,evaluation
243,evaluation
269,evaluation
270,evaluation
271,evaluation
272,calibration
273,evaluation
274,evaluation
275,evaluation
276,evaluation
277,evaluation
278,calibration
279,calibration
280,evaluation
281,evaluation
282,calibration
283,evaluation
284,calibration
285,evaluation
287,evaluation
288,evaluation
289,calibration
290,evaluation
292,evaluation
293,evaluation
294,evaluation
295,evaluation
296,evaluation
297,evaluation
298,evaluation
300,calibration
301,evaluation
302,evaluation
303,evaluation
304,calibration
305,evaluation
306,calibration
307,evaluation
308,evaluation
309,evaluation
312,evaluation
314,evaluation
316,evaluation
317,evaluation
318,evaluation
319,evaluation
320,calibration
321,calibration
323,evaluation
324,calibration
325,evaluation
326,evaluation
327,evaluation
329,evaluation
330,calibration
331,evaluation
332,calibration
333,calibration
334,calibration
335,evaluation
336,evaluation
337,evaluation
338,calibration
339,evaluation
340,evaluation
341,calibration
342,evaluation
343,evaluation
345,evaluation
346,evaluation
347,evaluation
348,evaluation
349,calibration
351,evaluation
352,evaluation
354,evaluation
355,evaluation
356,calibration
357,evaluation
358,calibration
359,calibration
360,evaluation
361,evaluation
362,evaluation
363,evaluation
364,calibration
365,evaluation
366,evaluation
367,evaluation
368,evaluation
369,evaluation
370,evaluation
371,calibration
372,evaluation
373,calibration
374,evaluation
375,evaluation
376,calibration
377,calibration
378,calibration
379,evaluation
380,calibration
381,evaluation
382,calibration
383,evaluation
384,evaluation
385,calibration
386,evaluation
387,calibration
388,evaluation
390,evaluation
391,calibration
392,calibration
393,evaluation
395,calibration
396,evaluation
397,evaluation
398,evaluation
401,calibration
402,evaluation
403,evaluation
404,calibration
405,evaluation
408,calibration
410,evaluation
413,evaluation
414,calibration
416,evaluation
418,evaluation
419,evaluation
420,evaluation
421,calibration
422,evaluation
423,evaluation
424,evaluation
425,calibration
428,evaluation
429,evaluation
430,calibration
431,evaluation
432,calibration
433,evaluation
434,evaluation
435,calibration
436,calibration
437,evaluation
438,evaluation
440,evaluation
441,calibration
442,evaluation
443,evaluation
444,evaluation
445,evaluation
446,evaluation
447,calibration
448,evaluation
449,calibration
450,evaluation
451,calibration
452,evaluation
453,evaluation
455,evaluation
456,calibration
457,calibration
458,evaluation
459,evaluation
460,calibration
478,calibration
479,evaluation
480,evaluation
481,calibration
482,calibration
484,evaluation
485,calibration
486,evaluation
487,evaluation
489,evaluation
490,evaluation
491,evaluation
492,calibration
493,calibration
494,evaluation
495,calibration
496,calibration
497,evaluation
498,calibration
499,calibration
501,evaluation
502,evaluation
503,evaluation
504,evaluation
505,evaluation
506,evaluation
507,calibration
508,evaluation
509,evaluation
510,calibration
511,calibration
512,evaluation
515,calibration
516,evaluation
517,evaluation
518,evaluation
519,evaluation
520,calibration
521,evaluation
522,calibration
523,calibration
524,calibration
525,evaluation
527,evaluation
528,calibration
529,evaluation
530,evaluation
531,evaluation
532,calibration
533,evaluation
534,evaluation
535,evaluation
536,calibration
537,evaluation
538,evaluation
539,evaluation
540,evaluation
541,evaluation
542,evaluation
543,evaluation
544,evaluation
545,calibration
546,calibration
547,evaluation
548,evaluation
549,evaluation
550,evaluation
552,evaluation
553,calibration
554,evaluation
555,evaluation
556,calibration
557,evaluation
558,evaluation
559,evaluation
560,evaluation
561,evaluation
562,evaluation
563,evaluation
564,evaluation
565,evaluation
566,calibration
567,evaluation
568,evaluation
569,evaluation
570,calibration
571,evaluation
572,calibration
574,evaluation
578,calibration
579,evaluation
580,evaluation
581,evaluation
582,calibration
583,calibration
584,calibration
585,calibration
586,evaluation
587,calibration
588,evaluation
589,evaluation
591,evaluation
592,calibration
593,evaluation
594,evaluation
595,evaluation
598,evaluation
599,evaluation
600,evaluation
601,calibration
602,evaluation
603,evaluation
604,calibration
605,calibration
606,calibration
607,calibration
608,evaluation
612,evaluation
613,evaluation
614,evaluation
615,evaluation
616,evaluation
618,calibration
619,evaluation
621,evaluation
666,evaluation
667,evaluation
668,evaluation
669,evaluation
670,calibration
671,evaluation
674,evaluation
675,evaluation
676,evaluation
677,evaluation
678,evaluation
679,evaluation
680,evaluation
683,evaluation
685,evaluation
686,evaluation
687,evaluation
689,evaluation
690,evaluation
691,evaluation
692,evaluation
693,evaluation
694,calibration
695,evaluation
696,evaluation
697,evaluation
698,evaluation
699,evaluation
701,calibration
702,evaluation
703,calibration
704,evaluation
705,evaluation
706,evaluation
708,evaluation
710,calibration
711,evaluation
712,calibration
713,calibration
714,evaluation
715,evaluation
716,evaluation
717,evaluation
718,evaluation
719,calibration
720,calibration
721,calibration
722,evaluation
723,evaluation
725,evaluation
726,evaluation
727,calibration
731,calibration
734,calibration
735,evaluation
736,calibration
737,evaluation
738,evaluation
739,evaluation
741,evaluation
742,evaluation
743,calibration
744,calibration
745,calibration
746,evaluation
747,evaluation
748,calibration
749,calibration
751,evaluation
752,evaluation
753,evaluation
754,evaluation
755,evaluation
756,evaluation
757,evaluation
758,evaluation
760,evaluation
761,evaluation
763,evaluation
764,calibration
765,calibration
766,evaluation
767,calibration
769,evaluation
770,evaluation
771,evaluation
773,evaluation
774,evaluation
775,evaluation
776,calibration
777,calibration
778,calibration
779,calibration
780,evaluation
781,calibration
782,calibration
783,evaluation
784,evaluation
785,evaluation
787,evaluation
788,evaluation
789,evaluation
790,calibration
791,evaluation
792,evaluation
793,evaluation
794,evaluation
795,evaluation
796,evaluation
797,calibration
798,calibration
799,evaluation
800,calibration
801,evaluation
802,evaluation
803,evaluation
804,evaluation
805,evaluation
806,calibration
807,evaluation
808,evaluation
809,calibration
810,calibration
811,evaluation
812,calibration
813,evaluation
814,evaluation
815,calibration
817,evaluation
818,evaluation
819,evaluation
820,calibration
821,calibration
822,evaluation
823,evaluation
824,calibration
825,evaluation
826,calibration
827,calibration
828,calibration
829,evaluation
830,calibration
831,evaluation
832,evaluation
833,evaluation
834,evaluation
835,evaluation
836,calibration
838,evaluation
839,calibration
840,evaluation
841,evaluation
842,evaluation
843,calibration
844,evaluation
846,evaluation
847,evaluation
848,evaluation
849,calibration
851,evaluation
852,evaluation
853,evaluation
854,evaluation
855,calibration
856,calibration
857,evaluation
859,evaluation
860,evaluation
870,evaluation
871,calibration
872,evaluation
873,evaluation
874,evaluation
875,evaluation
876,evaluation
877,calibration
878,evaluation
879,evaluation
880,evaluation
881,evaluation
882,calibration
883,calibration
884,evaluation
885,calibration
886,evaluation
888,evaluation
889,evaluation
890,evaluation
891,evaluation
892,evaluation
895,evaluation
896,calibration
897,calibration
898,evaluation
899,evaluation
900,calibration
901,evaluation
902,evaluation
903,evaluation
904,evaluation
905,evaluation
907,calibration
908,evaluation
909,calibration
911,calibration
912,evaluation
913,evaluation
914,evaluation
915,calibration
916,calibration
917,calibration
918,evaluation
920,calibration
922,evaluation
923,evaluation
924,calibration
925,calibration
926,evaluation
927,calibration
928,evaluation
929,evaluation
930,evaluation
986,evaluation
987,calibration
988,evaluation
989,evaluation
991,calibration
992,calibration
993,evaluation
994,evaluation
995,calibration
996,calibration
998,evaluation
999,evaluation
1001,evaluation
1002,evaluation
1003,evaluation
1004,evaluation
1005,calibration
1006,calibration
1007,evaluation
1008,evaluation
1009,evaluation
1010,calibration
1011,evaluation
1012,calibration
1013,evaluation
1014,evaluation
1015,evaluation
1016,evaluation
1017,evaluation
1018,evaluation
1019,calibration
1020,evaluation
1021,evaluation
1023,calibration
1024,evaluation
1025,evaluation
1026,calibration
1027,evaluation
1028,calibration
1029,evaluation
1030,evaluation
1031,calibration
1032,evaluation
1033,calibration
1034,evaluation
1035,calibration
1036,calibration
1037,evaluation
1038,calibration
1039,evaluation
1040,evaluation
1041,evaluation
1044,evaluation
1047,evaluation
1048,calibration
1049,calibration
1051,evaluation
1052,evaluation
1053,evaluation
1054,calibration
1055,calibration
1056,evaluation
1057,evaluation
1058,evaluation
1059,calibration
1060,calibration
1061,evaluation
1062,evaluation
1063,evaluation
1064,evaluation
1065,evaluation
1066,calibration
1067,evaluation
1068,evaluation
1069,calibration
1070,evaluation
1071,calibration
1072,calibration
1107,evaluation
1108,evaluation
1109,evaluation
1110,evaluation
1111,evaluation
1112,evaluation
1113,evaluation
1115,evaluation
1116,evaluation
1117,evaluation
1118,calibration
1119,calibration
1120,evaluation
1121,evaluation
1122,evaluation
1123,evaluation
1124,calibration
1125,evaluation
1126,evaluation
1127,evaluation
1128,evaluation
1129,calibration
1130,calibration
1131,evaluation
1132,calibration
1133,evaluation
1134,calibration
1135,calibration
1136,calibration
1137,evaluation
1138,evaluation
1139,calibration
1140,calibration
1141,calibration
1142,evaluation
1143,evaluation
1144,evaluation
1146,calibration
1147,evaluation
1148,calibration
1149,evaluation
1150,evaluation
1151,evaluation
1152,evaluation
1153,evaluation
1154,calibration
1155,calibration
1157,evaluation
1158,evaluation
1159,calibration
1160,calibration
1161,evaluation
1163,calibration
1164,evaluation
1165,evaluation
1166,evaluation
1167,calibration
1168,evaluation
1169,calibration
1170,evaluation
1171,evaluation
1172,evaluation
1173,calibration
1174,evaluation
1175,evaluation
1176,evaluation
1178,calibration
1179,evaluation
1180,calibration
1181,calibration
1184,evaluation
1185,evaluation
1186,evaluation
1187,evaluation
1188,calibration
1189,calibration
1190,evaluation
1191,evaluation
1192,evaluation
1193,calibration
1194,evaluation
1195,evaluation
1196,evaluation
1197,calibration
1198,calibration
1200,calibration
1201,calibration
1203,calibration
1204,evaluation
1205,evaluation
1206,evaluation
1207,evaluation
1208,calibration
1209,calibration
1210,evaluation
1211,calibration
1212,evaluation
1213,evaluation
1214,calibration
1215,evaluation
1217,calibration
1218,evaluation
1219,calibration
1220,evaluation
1221,evaluation
1222,evaluation
1223,evaluation
1224,evaluation
1225,evaluation
1226,evaluation
1227,calibration
1228,evaluation
1229,evaluation
1230,evaluation
1231,calibration
1232,calibration
1233,calibration
1234,evaluation
1235,evaluation
1236,calibration
1237,evaluation
1238,evaluation
1240,evaluation
1241,evaluation
1242,evaluation
1243,evaluation
1244,evaluation
1246,evaluation
1249,evaluation
1250,evaluation
1251,evaluation
1252,calibration
1253,evaluation
1254,evaluation
1256,evaluation
1257,evaluation
1258,evaluation
1259,calibration
1260,evaluation
1261,evaluation
1262,calibration
1264,evaluation
1265,evaluation
1266,evaluation
1267,evaluation
1268,calibration
1269,evaluation
1270,evaluation
1271,calibration
1272,evaluation
1273,calibration
1274,calibration
1275,evaluation
1276,evaluation
1277,evaluation
1278,evaluation
1279,evaluation
1280,calibration
1281,evaluation
1282,calibration
1284,evaluation
1285,calibration
1286,evaluation
1287,evaluation
1288,calibration
1289,evaluation
1290,calibration
1291,evaluation
1292,evaluation
1293,evaluation
1294,evaluation
1295,calibration
1296,evaluation
1297,calibration
1298,evaluation
1299,calibration
1300,calibration
1301,calibration
1302,evaluation
1303,evaluation
1304,calibration
1305,evaluation
1306,evaluation
1308,evaluation
1309,calibration
1310,evaluation
1311,evaluation
1312,evaluation
1313,evaluation
1314,evaluation
1315,evaluation
1316,calibration
1317,evaluation
1319,calibration
1320,calibration
1321,calibration
1322,evaluation
1323,evaluation
1324,evaluation
1325,calibration
1326,evaluation
1327,calibration
1328,evaluation
1329,evaluation
1330,calibration
1331,evaluation
1333,calibration
1334,evaluation
1335,evaluation
1336,evaluation
1337,evaluation
1338,evaluation
1339,evaluation
1340,evaluation
1341,calibration
1343,evaluation
1344,evaluation
1345,evaluation
1346,calibration
1347,evaluation
1348,evaluation
1349,calibration
1350,evaluation
1351,evaluation
1352,evaluation
1353,evaluation
1355,evaluation
1356,evaluation
1357,calibration
1358,calibration
1392,calibration
1393,calibration
1394,calibration
1395,evaluation
1396,evaluation
1397,evaluation
1398,evaluation
1399,calibration
1400,calibration
1401,evaluation
1402,calibration
1403,evaluation
1404,evaluation
1405,evaluation
1406,calibration
1407,evaluation
1408,calibration
1409,calibration
1410,calibration
1411,evaluation
1412,calibration
1413,evaluation
1414,calibration
1415,evaluation
1416,evaluation
1417,evaluation
1419,evaluation
1420,evaluation
1421,calibration
1422,evaluation
1423,calibration
1425,calibration
1426,calibration
1427,evaluation
1428,evaluation
1429,evaluation
1430,evaluation
1431,evaluation
1438,evaluation
1439,calibration
1440,evaluation
1443,calibration
1444,evaluation
1445,evaluation
1446,evaluation
1447,evaluation
1448,evaluation
1449,calibration
1453,calibration
1454,calibration
1456,evaluation
1457,evaluation
1459,calibration
1461,evaluation
1463,evaluation
1464,calibration
1465,evaluation
1467,evaluation
1468,evaluation
1472,evaluation
1473,evaluation
1474,evaluation
1475,evaluation
1477,evaluation
1478,evaluation
1480,evaluation
1481,evaluation
1483,evaluation
1484,evaluation
1486,calibration
1488,evaluation
1489,calibration
1490,calibration
1491,calibration
1492,evaluation
1493,calibration
1494,evaluation
1495,evaluation
1496,evaluation
1500,calibration
1501,calibration
1504,evaluation
1506,evaluation
1507,evaluation
1508,evaluation
1509,calibration
1510,calibration
1511,calibration
1512,calibration
1518,evaluation
1519,evaluation
1520,evaluation
1521,calibration
1522,calibration
1523,evaluation
1525,evaluation
1526,evaluation
1527,calibration
1528,evaluation
1529,calibration
1530,evaluation
1532,calibration
1533,evaluation
1534,calibration
1535,calibration
1536,evaluation
1537,calibration
1539,calibration
1540,evaluation
1541,calibration
1542,evaluation
1543,evaluation
1544,evaluation
1545,evaluation
1546,calibration
1547,evaluation
1548,calibration
1549,calibration
1550,calibration
1551,evaluation
1552,calibration
1553,evaluation
1554,calibration
1555,evaluation
1556,calibration
1557,evaluation
1558,calibration
1559,evaluation
1560,calibration
1561,evaluation
1562,evaluation
1563,calibration
1564,evaluation
1565,evaluation
1566,evaluation
1567,calibration
1568,evaluation
1569,evaluation
1570,evaluation
1571,calibration
1572,calibration
1573,evaluation
1574,calibration
1575,evaluation
1577,evaluation
1578,calibration
1579,calibration
1580,evaluation
1581,evaluation
1582,evaluation
1583,evaluation
1584,evaluation
1585,calibration
1586,evaluation
1587,calibration
1588,evaluation
1589,evaluation
1590,evaluation
1591,calibration
1592,calibration
1593,evaluation
1594,calibration
1595,evaluation
1596,evaluation
1597,calibration
1598,calibration
1599,evaluation
1600,evaluation
1601,calibration
1602,evaluation
1603,evaluation
1604,evaluation
1605,calibration
1606,evaluation
1607,calibration
1608,evaluation
1609,evaluation
1610,evaluation
1611,calibration
1612,evaluation
1613,calibration
1614,evaluation
1615,evaluation
1616,evaluation
1617,calibration
1618,evaluation
1619,evaluation
1620,evaluation
1621,calibration
1622,evaluation
1623,calibration
1624,evaluation
1625,evaluation
1626,evaluation
1627,evaluation
1628,evaluation
1629,evaluation
1630,calibration
1631,calibration
1632,evaluation
1633,evaluation
1634,evaluation
1635,calibration
1636,calibration
1637,calibration
1638,calibration
1639,evaluation
1640,evaluation
1641,evaluation
1642,calibration
1643,evaluation
1644,evaluation
1645,evaluation
1646,evaluation
1647,evaluation
1648,calibration
1649,evaluation
1650,evaluation
1651,evaluation
1652,calibration
1653,calibration
1654,evaluation
1655,evaluation
1656,evaluation
1657,calibration
1658,evaluation
1659,calibration
1660,evaluation
1661,evaluation
1662,evaluation
1663,evaluation
1664,calibration
1665,evaluation
1666,evaluation
1667,calibration
1668,evaluation
1669,evaluation
1670,calibration
1671,evaluation
1672,calibration
1673,calibration
1674,evaluation
1675,calibration
1676,evaluation
1678,calibration
1679,calibration
1680,evaluation
1681,calibration
1682,evaluation
1683,evaluation
1685,calibration
1686,calibration
1687,calibration
1688,calibration
1689,evaluation
1690,evaluation
1691,evaluation
1692,evaluation
1693,evaluation
1694,evaluation
1696,calibration
1697,evaluation
1698,evaluation
1699,evaluation
1700,evaluation
1701,evaluation
1702,calibration
1703,evaluation
1704,evaluation
1705,calibration
1706,evaluation
1707,calibration
1708,evaluation
1709,evaluation
1710,evaluation
1711,evaluation
1712,evaluation
1714,calibration
1715,evaluation
1717,evaluation
1718,evaluation
1719,evaluation
1722,calibration
1724,evaluation
1725,calibration
1726,calibration
1727,evaluation
1728,evaluation
1730,evaluation
1731,calibration
1732,evaluation
1733,evaluation
1737,calibration
1738,calibration
1739,evaluation
1740,evaluation
1741,calibration
1742,evaluation
1743,calibration
1744,calibration
1745,calibration
1746,calibration
1747,evaluation
1749,evaluation
1750,evaluation
1751,evaluation
1752,calibration
1753,evaluation
1754,evaluation
1755,evaluation
1756,evaluation
1757,evaluation
1758,calibration
1759,calibration
1760,evaluation
1761,evaluation
1762,evaluation
1764,calibration
1765,calibration
1766,calibration
1768,evaluation
1769,evaluation
1770,evaluation
1771,calibration
1773,calibration
1774,evaluation
1775,calibration
1776,evaluation
1777,evaluation
1778,evaluation
1780,evaluation
1781,evaluation
1782,evaluation
1783,calibration
1784,calibration
1785,calibration
1786,evaluation
1787,calibration
1788,calibration
1845,evaluation
1846,evaluation
1848,evaluation
1849,evaluation
1850,evaluation
1851,evaluation
1852,calibration
1853,evaluation
1854,calibration
1855,evaluation
1856,evaluation
1857,evaluation
1858,calibration
1859,evaluation
1860,calibration
1861,evaluation
1862,calibration
1863,evaluation
1864,evaluation
1865,evaluation
1868,evaluation
1869,evaluation
1870,evaluation
1871,calibration
1872,evaluation
1873,calibration
1874,calibration
1875,evaluation
1876,calibration
1877,calibration
1878,evaluation
1879,evaluation
1880,evaluation
1881,evaluation
1883,evaluation
1884,evaluation
1885,evaluation
1886,calibration
1887,evaluation
1888,evaluation
1889,evaluation
1890,evaluation
1891,evaluation
1892,evaluation
1893,evaluation
1894,evaluation
1895,evaluation
1896,calibration
1897,evaluation
1898,calibration
1899,calibration
1900,evaluation
1901,calibration
1902,evaluation
1903,evaluation
1904,evaluation
1905,calibration
1906,evaluation
1907,calibration
1908,calibration
1909,calibration
1910,evaluation
1912,evaluation
1915,evaluation
1916,evaluation
1917,evaluation
1918,calibration
1919,evaluation
1920,calibration
1921,evaluation
1922,calibration
1923,evaluation
1924,calibration
1925,evaluation
1926,evaluation
1927,calibration
1928,evaluation
1929,evaluation
1930,evaluation
1931,evaluation
1932,evaluation
1933,evaluation
1934,calibration
1935,evaluation
1936,evaluation
1937,calibration
1938,evaluation
1939,calibration
1940,calibration
1941,evaluation
1942,evaluation
1943,evaluation
1944,evaluation
1945,evaluation
1947,calibration
1948,evaluation
1949,evaluation
1950,evaluation
1951,calibration
1952,calibration
1954,evaluation
1955,evaluation
1956,evaluation
1957,evaluation
1958,evaluation
1959,evaluation
1960,evaluation
1961,evaluation
1962,calibration
1963,evaluation
1965,calibration
1966,calibration
1967,calibration
1968,calibration
1969,evaluation
1970,evaluation
1971,evaluation
1972,evaluation
1973,calibration
1974,evaluation
1975,evaluation
1976,evaluation
1977,evaluation
1978,calibration
1979,evaluation
1980,evaluation
1981,calibration
1982,evaluation
1983,evaluation
1984,evaluation
1985,calibration
1986,evaluation
1987,evaluation
1988,evaluation
1989,evaluation
1990,evaluation
1991,evaluation
1992,evaluation
1993,evaluation
1994,evaluation
1995,calibration
1996,evaluation
1997,evaluation
1999,calibration
2000,evaluation
2001,evaluation
2002,evaluation
2004,evaluation
2005,calibration
2006,evaluation
2007,evaluation
2008,calibration
2009,calibration
2010,evaluation
2011,calibration
2012,evaluation
2015,evaluation
2017,evaluation
2018,evaluation
2019,calibration
2021,evaluation
2022,evaluation
2023,calibration
2024,evaluation
2025,calibration
2027,evaluation
2028,evaluation
2030,evaluation
2031,calibration
2032,calibration
2033,calibration
2034,calibration
2035,evaluation
2036,evaluation
2037,calibration
2039,calibration
2040,evaluation
2041,evaluation
2042,calibration
2043,evaluation
2044,evaluation
2045,evaluation
2046,evaluation
2047,evaluation
2048,evaluation
2049,evaluation
2050,evaluation
2051,calibration
2052,calibration
2053,evaluation
2054,calibration
2055,calibration
2056,evaluation
2057,evaluation
2058,evaluation
2059,evaluation
2060,calibration
2061,evaluation
2062,evaluation
2063,calibration
2064,evaluation
2065,calibration
2066,evaluation
2067,evaluation
2068,evaluation
2069,calibration
2070,evaluation
2072,calibration
2073,calibration
2074,calibration
2075,evaluation
2076,calibration
2077,evaluation
2078,evaluation
2079,evaluation
2080,evaluation
2081,evaluation
2082,evaluation
2085,evaluation
2087,evaluation
2088,calibration
2089,calibration
2090,evaluation
2091,evaluation
2093,evaluation
2094,evaluation
2095,evaluation
2096,evaluation
2098,calibration
2100,evaluation
2101,calibration
2105,evaluation
2108,calibration
2109,calibration
2110,evaluation
2111,evaluation
2112,evaluation
2113,evaluation
2114,evaluation
2116,evaluation
2117,evaluation
2118,evaluation
2119,evaluation
2120,calibration
2121,calibration
2122,evaluation
2124,calibration
2125,calibration
2126,evaluation
2127,calibration
2128,evaluation
2129,evaluation
2130,calibration
2131,evaluation
2132,evaluation
2133,calibration
2134,calibration
2136,evaluation
2137,evaluation
2138,evaluation
2139,calibration
2140,evaluation
2142,calibration
2143,evaluation
2144,calibration
2145,evaluation
2146,evaluation
2148,evaluation
2149,evaluation
2150,evaluation
2151,evaluation
2152,evaluation
2153,evaluation
2154,evaluation
2155,calibration
2156,calibration
2157,calibration
2158,calibration
2159,evaluation
2160,evaluation
2161,evaluation
2162,calibration
2163,evaluation
2164,evaluation
2165,evaluation
2167,evaluation
2168,evaluation
2169,calibration
2171,evaluation
2172,evaluation
2173,evaluation
2174,evaluation
2175,calibration
2176,evaluation
2177,evaluation
2178,evaluation
2179,evaluation
2180,calibration
2181,calibration
2182,calibration
2183,evaluation
2184,evaluation
2185,evaluation
2186,calibration
2187,calibration
2188,evaluation
2189,evaluation
2190,evaluation
2191,evaluation
2192,calibration
2193,evaluation
2194,evaluation
2195,evaluation
2196,evaluation
2197,evaluation
2198,calibration
2199,evaluation
2200,evaluation
2201,evaluation
2202,evaluation
2203,evaluation
2204,evaluation
2205,evaluation
2206,evaluation
2207,calibration
2208,evaluation
2210,evaluation
2211,evaluation
2212,evaluation
2213,calibration
2215,calibration
2216,calibration
2217,evaluation
2218,evaluation
2219,evaluation
2220,evaluation
2221,evaluation
2222,evaluation
2223,calibration
2224,evaluation
2225,evaluation
2226,evaluation
2227,evaluation
2228,evaluation
2229,evaluation
2230,evaluation
2231,evaluation
2232,calibration
2233,evaluation
2234,calibration
2235,calibration
2236,evaluation
2237,calibration
2238,calibration
2241,evaluation
2242,evaluation
2243,calibration
2244,evaluation
2245,evaluation
2248,evaluation
2249,evaluation
2250,calibration
2251,calibration
2252,evaluation
2253,calibration
2254,evaluation
2255,calibration
2256,evaluation
2257,evaluation
2258,evaluation
2259,evaluation
2260,evaluation
2262,calibration
2264,evaluation
2265,calibration
2266,evaluation
2267,calibration
2268,calibration
2269,evaluation
2270,evaluation
2271,evaluation
2272,calibration
2274,calibration
2275,evaluation
2276,evaluation
2278,evaluation
2279,evaluation
2280,calibration
2281,evaluation
2282,calibration
2286,calibration
2287,evaluation
2288,calibration
2289,evaluation
2292,calibration
2293,calibration
2294,calibration
2295,evaluation
2296,evaluation
2297,evaluation
2298,evaluation
2299,evaluation
2300,evaluation
2301,evaluation
2302,evaluation
2303,evaluation
2304,calibration
2305,evaluation
2307,evaluation
2308,calibration
2309,evaluation
2310,calibration
2311,evaluation
2312,evaluation
2314,evaluation
2315,calibration
2316,evaluation
2317,calibration
2318,calibration
2320,calibration
2321,calibration
2322,evaluation
2323,calibration
2324,evaluation
2325,evaluation
2326,evaluation
2327,calibration
2328,evaluation
2329,evaluation
2330,evaluation
2332,evaluation
2333,evaluation
2334,evaluation
2335,calibration
2336,evaluation
2337,evaluation
2338,calibration
2339,evaluation
2340,evaluation
2341,calibration
2342,calibration
2343,evaluation
2344,calibration
2345,evaluation
2348,evaluation
2349,evaluation
2351,evaluation
2352,evaluation
2353,calibration
2354,evaluation
2355,calibration
2356,evaluation
2357,calibration
2358,evaluation
2359,evaluation
2360,evaluation
2361,evaluation
2362,calibration
2363,calibration
2364,calibration
2365,calibration
2366,evaluation
2367,evaluation
2368,calibration
2369,calibration
2370,evaluation
2371,evaluation
2372,evaluation
2373,calibration
2374,calibration
2375,evaluation
2376,evaluation
2377,evaluation
2378,calibration
2379,evaluation
2380,evaluation
2381,evaluation
2382,evaluation
2383,evaluation
2384,calibration
2385,evaluation
2386,evaluation
2387,evaluation
2388,calibration
2389,evaluation
2390,evaluation
2391,evaluation
2392,evaluation
2393,calibration
2395,evaluation
2398,evaluation
2399,evaluation
2400,evaluation
2401,evaluation
2402,evaluation
2403,evaluation
2404,evaluation
2405,evaluation
2406,calibration
2407,calibration
2408,evaluation
2409,evaluation
2410,evaluation
2411,evaluation
2412,calibration
2416,evaluation
2422,calibration
2423,evaluation
2424,evaluation
2425,evaluation
2426,calibration
2427,evaluation
2428,evaluation
2429,evaluation
2430,evaluation
2431,calibration
2432,evaluation
2433,evaluation
2434,evaluation
2435,evaluation
2436,calibration
2437,evaluation
2439,evaluation
2440,calibration
2441,evaluation
2442,calibration
2443,evaluation
2444,calibration
2445,calibration
2446,calibration
2447,evaluation
2449,calibration
2450,evaluation
2451,evaluation
2452,evaluation
2453,evaluation
2454,calibration
2455,evaluation
2456,evaluation
2457,calibration
2458,evaluation
2459,calibration
2460,evaluation
2461,evaluation
2462,evaluation
2463,evaluation
2464,evaluation
2465,evaluation
2466,evaluation
2467,evaluation
2468,evaluation
2469,evaluation
2470,calibration
2471,evaluation
2472,evaluation
2473,evaluation
2474,evaluation
2475,evaluation
2476,evaluation
2477,evaluation
2478,calibration
2479,evaluation
2480,evaluation
2481,evaluation
2482,calibration
2483,evaluation
2484,calibration
2485,calibration
2486,calibration
2487,evaluation
2488,calibration
2489,evaluation
2490,calibration
2491,evaluation
2492,evaluation
2493,evaluation
2494,evaluation
2495,evaluation
2496,evaluation
2497,evaluation
2498,evaluation
2499,evaluation
2500,calibration
2501,evaluation
2502,evaluation
2503,evaluation
2504,evaluation
2505,calibration
2506,evaluation
2507,evaluation
2508,calibration
2509,calibration
2510,evaluation
2511,evaluation
2512,evaluation
2513,evaluation
2514,evaluation
2515,evaluation
2516,evaluation
2517,evaluation
2518,evaluation
2519,calibration
2520,calibration
2521,calibration
2522,evaluation
2523,evaluation
2524,evaluation
2525,evaluation
2526,evaluation
2527,evaluation
2528,evaluation
2529,evaluation
2530,calibration
2531,evaluation
2532,evaluation
2533,evaluation
2534,evaluation
2535,evaluation
2536,evaluation
2537,calibration
2538,calibration
2539,calibration
2540,calibration
2541,evaluation
2542,evaluation
2543,evaluation
2544,calibration
2545,evaluation
2546,evaluation
2547,evaluation
2548,calibration
2549,calibration
2550,calibration
2551,evaluation
2552,evaluation
2553,evaluation
2554,evaluation
2555,calibration
2556,evaluation
2557,evaluation
2558,calibration
2559,evaluation
2560,calibration
2561,evaluation
2562,evaluation
2563,evaluation
2564,calibration
2565,evaluation
2566,evaluation
2567,evaluation
2568,evaluation
2569,calibration
2570,evaluation
2571,calibration
2572,evaluation
2573,evaluation
2574,calibration
2575,calibration
2576,calibration
2577,calibration
2578,evaluation
2579,evaluation
2580,calibration
2581,evaluation
2582,evaluation
2583,evaluation
2584,evaluation
2585,evaluation
2586,evaluation
2587,calibration
2588,evaluation
2589,calibration
2590,evaluation
2591,evaluation
2592,evaluation
2593,evaluation
2595,calibration
2596,evaluation
2597,evaluation
2598,calibration
2599,calibration
2600,evaluation
2601,calibration
2602,calibration
2604,evaluation
2605,evaluation
2606,calibration
2607,evaluation
2618,evaluation
2619,evaluation
2620,evaluation
2621,calibration
2644,calibration
2646,evaluation
2647,evaluation
2648,evaluation
2649,evaluation
2651,evaluation
2652,calibration
2710,evaluation
2808,evaluation
2809,calibration
2813,evaluation
2814,calibration
2872,evaluation
2876,evaluation
2879,evaluation
2880,calibration
2881,evaluation
2882,calibration
2883,calibration
2884,evaluation
2885,evaluation
2886,calibration
2887,calibration
3005,evaluation
3007,evaluation
3009,evaluation
3011,evaluation
3012,evaluation
3013,evaluation
