model,target_month,n,prevalence,average_precision,roc_auc,brier,label,threshold_log_change
history_only,2024-10-01,2016,0.034722222222222224,0.18027347229012503,0.8361253854059609,0.03237811022144164,next_month_large_relative_innovation_proxy,0.07378082817802278
history_and_news,2024-10-01,2016,0.034722222222222224,0.17823616708098908,0.838283658787256,0.03358357466927828,next_month_large_relative_innovation_proxy,0.07378082817802278
constant_prior,2024-10-01,2016,0.034722222222222224,0.034722222222222224,0.5,0.033517343026620364,next_month_large_relative_innovation_proxy,0.07378082817802278
history_only,2024-11-01,2016,0.039186507936507936,0.2794974333213321,0.8638309273769303,0.03371568627134639,next_month_large_relative_innovation_proxy,0.07378082817802278
history_and_news,2024-11-01,2016,0.039186507936507936,0.2828286633559563,0.8658763715258491,0.03349189790698573,next_month_large_relative_innovation_proxy,0.07378082817802278
constant_prior,2024-11-01,2016,0.039186507936507936,0.039186507936507936,0.5,0.03766456142356348,next_month_large_relative_innovation_proxy,0.07378082817802278
history_only,2024-12-01,2016,0.05555555555555555,0.29714857075753515,0.816954906962785,0.047527793100695756,next_month_large_relative_innovation_proxy,0.07378082817802278
history_and_news,2024-12-01,2016,0.05555555555555555,0.3020485814428695,0.8181975915366146,0.04636060089377405,next_month_large_relative_innovation_proxy,0.07378082817802278
constant_prior,2024-12-01,2016,0.05555555555555555,0.05555555555555555,0.5,0.0528569287958239,next_month_large_relative_innovation_proxy,0.07378082817802278
