model,feature,importance,origin_date
catboost,category,11.37489448955847,2023-12-01
catboost,horizon,4.784027083873608,2023-12-01
catboost,month,29.296506792111224,2023-12-01
catboost,history_length,0.2273555954639434,2023-12-01
catboost,log_base,5.552161972672043,2023-12-01
catboost,log_level,8.635834348255361,2023-12-01
catboost,base_change,9.751170090326726,2023-12-01
catboost,change_1,0.0115396718493296,2023-12-01
catboost,panel_change_1,1.4341928160035546,2023-12-01
catboost,relative_change_1,0.2595184686138401,2023-12-01
catboost,change_2,0.2188116806331443,2023-12-01
catboost,panel_change_2,3.567658125588636,2023-12-01
catboost,relative_change_2,0.1173773276699614,2023-12-01
catboost,change_3,1.6187753671034577,2023-12-01
catboost,panel_change_3,8.072738209959521,2023-12-01
catboost,relative_change_3,0.0430772769501909,2023-12-01
catboost,change_6,1.1394851849732752,2023-12-01
catboost,panel_change_6,0.6813863785781906,2023-12-01
catboost,relative_change_6,0.0321492706034116,2023-12-01
catboost,change_12,1.0160825812272922,2023-12-01
catboost,panel_change_12,7.44299402252621,2023-12-01
catboost,relative_change_12,0.583260221672882,2023-12-01
catboost,std_3,0.0446072088248931,2023-12-01
catboost,slope_3,0.0,2023-12-01
catboost,std_6,0.0305314705576483,2023-12-01
catboost,slope_6,1.0970682671517515,2023-12-01
catboost,category_ratio_0,0.0,2023-12-01
catboost,category_mom_0,0.0,2023-12-01
catboost,category_ratio_1,0.8857619040346293,2023-12-01
catboost,category_mom_1,0.0032090821909606,2023-12-01
catboost,category_ratio_2,0.3916873017745689,2023-12-01
catboost,category_mom_2,0.0796340349328678,2023-12-01
catboost,category_ratio_3,0.2655921973099656,2023-12-01
catboost,category_mom_3,0.0533957239779481,2023-12-01
catboost,category_ratio_4,0.5423717087196901,2023-12-01
catboost,category_mom_4,0.025685980898949,2023-12-01
catboost,category_ratio_5,0.7129218112306506,2023-12-01
catboost,category_mom_5,0.0065363321812157,2023-12-01
lightgbm,category,246.0,2023-12-01
lightgbm,horizon,262.0,2023-12-01
lightgbm,month,908.0,2023-12-01
lightgbm,history_length,23.0,2023-12-01
lightgbm,log_base,173.0,2023-12-01
lightgbm,log_level,207.0,2023-12-01
lightgbm,base_change,348.0,2023-12-01
lightgbm,change_1,18.0,2023-12-01
lightgbm,panel_change_1,102.0,2023-12-01
lightgbm,relative_change_1,100.0,2023-12-01
lightgbm,change_2,25.0,2023-12-01
lightgbm,panel_change_2,151.0,2023-12-01
lightgbm,relative_change_2,40.0,2023-12-01
lightgbm,change_3,112.0,2023-12-01
lightgbm,panel_change_3,120.0,2023-12-01
lightgbm,relative_change_3,35.0,2023-12-01
lightgbm,change_6,65.0,2023-12-01
lightgbm,panel_change_6,133.0,2023-12-01
lightgbm,relative_change_6,24.0,2023-12-01
lightgbm,change_12,51.0,2023-12-01
lightgbm,panel_change_12,179.0,2023-12-01
lightgbm,relative_change_12,91.0,2023-12-01
lightgbm,std_3,58.0,2023-12-01
lightgbm,slope_3,0.0,2023-12-01
lightgbm,std_6,51.0,2023-12-01
lightgbm,slope_6,92.0,2023-12-01
lightgbm,category_ratio_0,0.0,2023-12-01
lightgbm,category_mom_0,17.0,2023-12-01
lightgbm,category_ratio_1,186.0,2023-12-01
lightgbm,category_mom_1,26.0,2023-12-01
lightgbm,category_ratio_2,241.0,2023-12-01
lightgbm,category_mom_2,53.0,2023-12-01
lightgbm,category_ratio_3,183.0,2023-12-01
lightgbm,category_mom_3,55.0,2023-12-01
lightgbm,category_ratio_4,240.0,2023-12-01
lightgbm,category_mom_4,46.0,2023-12-01
lightgbm,category_ratio_5,210.0,2023-12-01
lightgbm,category_mom_5,29.0,2023-12-01
lightgbm_news,category,250.0,2023-12-01
lightgbm_news,horizon,241.0,2023-12-01
lightgbm_news,month,921.0,2023-12-01
lightgbm_news,history_length,24.0,2023-12-01
lightgbm_news,log_base,166.0,2023-12-01
lightgbm_news,log_level,190.0,2023-12-01
lightgbm_news,base_change,340.0,2023-12-01
lightgbm_news,change_1,15.0,2023-12-01
lightgbm_news,panel_change_1,105.0,2023-12-01
lightgbm_news,relative_change_1,99.0,2023-12-01
lightgbm_news,change_2,25.0,2023-12-01
lightgbm_news,panel_change_2,146.0,2023-12-01
lightgbm_news,relative_change_2,44.0,2023-12-01
lightgbm_news,change_3,105.0,2023-12-01
lightgbm_news,panel_change_3,130.0,2023-12-01
lightgbm_news,relative_change_3,38.0,2023-12-01
lightgbm_news,change_6,64.0,2023-12-01
lightgbm_news,panel_change_6,124.0,2023-12-01
lightgbm_news,relative_change_6,27.0,2023-12-01
lightgbm_news,change_12,52.0,2023-12-01
lightgbm_news,panel_change_12,177.0,2023-12-01
lightgbm_news,relative_change_12,91.0,2023-12-01
lightgbm_news,std_3,68.0,2023-12-01
lightgbm_news,slope_3,0.0,2023-12-01
lightgbm_news,std_6,62.0,2023-12-01
lightgbm_news,slope_6,83.0,2023-12-01
lightgbm_news,category_ratio_0,0.0,2023-12-01
lightgbm_news,category_mom_0,30.0,2023-12-01
lightgbm_news,category_ratio_1,188.0,2023-12-01
lightgbm_news,category_mom_1,25.0,2023-12-01
lightgbm_news,category_ratio_2,215.0,2023-12-01
lightgbm_news,category_mom_2,52.0,2023-12-01
lightgbm_news,category_ratio_3,188.0,2023-12-01
lightgbm_news,category_mom_3,56.0,2023-12-01
lightgbm_news,category_ratio_4,245.0,2023-12-01
lightgbm_news,category_mom_4,45.0,2023-12-01
lightgbm_news,category_ratio_5,210.0,2023-12-01
lightgbm_news,category_mom_5,35.0,2023-12-01
lightgbm_news,news_rate,0.0,2023-12-01
lightgbm_news,news_rate_change_3m,20.0,2023-12-01
lightgbm_news,news_tightening_signal,4.0,2023-12-01
lightgbm_news,news_releases_3m,0.0,2023-12-01
catboost,category,7.246902033121042,2024-01-01
catboost,horizon,3.252929584629342,2024-01-01
catboost,month,29.246549741060456,2024-01-01
catboost,history_length,0.3386288877477432,2024-01-01
catboost,log_base,3.664527672951005,2024-01-01
catboost,log_level,2.625585708787882,2024-01-01
catboost,base_change,22.34153013256797,2024-01-01
catboost,change_1,0.0172462824316277,2024-01-01
catboost,panel_change_1,2.060509742054599,2024-01-01
catboost,relative_change_1,0.2047686558116712,2024-01-01
catboost,change_2,0.0145595078355729,2024-01-01
catboost,panel_change_2,3.261275549862081,2024-01-01
catboost,relative_change_2,0.1427857395866192,2024-01-01
catboost,change_3,1.6950723612409937,2024-01-01
catboost,panel_change_3,9.467606359481724,2024-01-01
catboost,relative_change_3,0.023108156232374,2024-01-01
catboost,change_6,0.4514849314106635,2024-01-01
catboost,panel_change_6,0.8987670799813136,2024-01-01
catboost,relative_change_6,0.0222017464797731,2024-01-01
catboost,change_12,0.6062637075992136,2024-01-01
catboost,panel_change_12,7.795600915236784,2024-01-01
catboost,relative_change_12,0.981451770164938,2024-01-01
catboost,std_3,0.0164895133817491,2024-01-01
catboost,slope_3,0.0,2024-01-01
catboost,std_6,0.0463205944992793,2024-01-01
catboost,slope_6,0.3755182726752549,2024-01-01
catboost,category_ratio_0,0.0,2024-01-01
catboost,category_mom_0,0.001624674910919,2024-01-01
catboost,category_ratio_1,0.8190750334007663,2024-01-01
catboost,category_mom_1,0.0100570654147803,2024-01-01
catboost,category_ratio_2,0.4656095592186997,2024-01-01
catboost,category_mom_2,0.2774397640031744,2024-01-01
catboost,category_ratio_3,0.5869840812430732,2024-01-01
catboost,category_mom_3,0.0583311417267331,2024-01-01
catboost,category_ratio_4,0.4755781056748924,2024-01-01
catboost,category_mom_4,0.0,2024-01-01
catboost,category_ratio_5,0.4982179204016241,2024-01-01
catboost,category_mom_5,0.0093980071736254,2024-01-01
lightgbm,category,208.0,2024-01-01
lightgbm,horizon,376.0,2024-01-01
lightgbm,month,871.0,2024-01-01
lightgbm,history_length,74.0,2024-01-01
lightgbm,log_base,243.0,2024-01-01
lightgbm,log_level,145.0,2024-01-01
lightgbm,base_change,440.0,2024-01-01
lightgbm,change_1,8.0,2024-01-01
lightgbm,panel_change_1,84.0,2024-01-01
lightgbm,relative_change_1,100.0,2024-01-01
lightgbm,change_2,25.0,2024-01-01
lightgbm,panel_change_2,158.0,2024-01-01
lightgbm,relative_change_2,44.0,2024-01-01
lightgbm,change_3,107.0,2024-01-01
lightgbm,panel_change_3,195.0,2024-01-01
lightgbm,relative_change_3,21.0,2024-01-01
lightgbm,change_6,41.0,2024-01-01
lightgbm,panel_change_6,108.0,2024-01-01
lightgbm,relative_change_6,21.0,2024-01-01
lightgbm,change_12,135.0,2024-01-01
lightgbm,panel_change_12,186.0,2024-01-01
lightgbm,relative_change_12,116.0,2024-01-01
lightgbm,std_3,45.0,2024-01-01
lightgbm,slope_3,0.0,2024-01-01
lightgbm,std_6,39.0,2024-01-01
lightgbm,slope_6,56.0,2024-01-01
lightgbm,category_ratio_0,0.0,2024-01-01
lightgbm,category_mom_0,7.0,2024-01-01
lightgbm,category_ratio_1,152.0,2024-01-01
lightgbm,category_mom_1,27.0,2024-01-01
lightgbm,category_ratio_2,170.0,2024-01-01
lightgbm,category_mom_2,27.0,2024-01-01
lightgbm,category_ratio_3,201.0,2024-01-01
lightgbm,category_mom_3,58.0,2024-01-01
lightgbm,category_ratio_4,193.0,2024-01-01
lightgbm,category_mom_4,30.0,2024-01-01
lightgbm,category_ratio_5,161.0,2024-01-01
lightgbm,category_mom_5,28.0,2024-01-01
lightgbm_news,category,218.0,2024-01-01
lightgbm_news,horizon,401.0,2024-01-01
lightgbm_news,month,808.0,2024-01-01
lightgbm_news,history_length,84.0,2024-01-01
lightgbm_news,log_base,225.0,2024-01-01
lightgbm_news,log_level,150.0,2024-01-01
lightgbm_news,base_change,447.0,2024-01-01
lightgbm_news,change_1,9.0,2024-01-01
lightgbm_news,panel_change_1,88.0,2024-01-01
lightgbm_news,relative_change_1,99.0,2024-01-01
lightgbm_news,change_2,24.0,2024-01-01
lightgbm_news,panel_change_2,142.0,2024-01-01
lightgbm_news,relative_change_2,39.0,2024-01-01
lightgbm_news,change_3,121.0,2024-01-01
lightgbm_news,panel_change_3,201.0,2024-01-01
lightgbm_news,relative_change_3,19.0,2024-01-01
lightgbm_news,change_6,38.0,2024-01-01
lightgbm_news,panel_change_6,120.0,2024-01-01
lightgbm_news,relative_change_6,16.0,2024-01-01
lightgbm_news,change_12,114.0,2024-01-01
lightgbm_news,panel_change_12,178.0,2024-01-01
lightgbm_news,relative_change_12,115.0,2024-01-01
lightgbm_news,std_3,43.0,2024-01-01
lightgbm_news,slope_3,0.0,2024-01-01
lightgbm_news,std_6,33.0,2024-01-01
lightgbm_news,slope_6,60.0,2024-01-01
lightgbm_news,category_ratio_0,0.0,2024-01-01
lightgbm_news,category_mom_0,4.0,2024-01-01
lightgbm_news,category_ratio_1,151.0,2024-01-01
lightgbm_news,category_mom_1,26.0,2024-01-01
lightgbm_news,category_ratio_2,184.0,2024-01-01
lightgbm_news,category_mom_2,26.0,2024-01-01
lightgbm_news,category_ratio_3,218.0,2024-01-01
lightgbm_news,category_mom_3,55.0,2024-01-01
lightgbm_news,category_ratio_4,204.0,2024-01-01
lightgbm_news,category_mom_4,37.0,2024-01-01
lightgbm_news,category_ratio_5,147.0,2024-01-01
lightgbm_news,category_mom_5,33.0,2024-01-01
lightgbm_news,news_rate,0.0,2024-01-01
lightgbm_news,news_rate_change_3m,15.0,2024-01-01
lightgbm_news,news_tightening_signal,8.0,2024-01-01
lightgbm_news,news_releases_3m,0.0,2024-01-01
catboost,category,8.661340389929252,2024-02-01
catboost,horizon,2.6223106154066325,2024-02-01
catboost,month,24.17710970347255,2024-02-01
catboost,history_length,1.1684715465225917,2024-02-01
catboost,log_base,2.3463396669110312,2024-02-01
catboost,log_level,3.380837064648352,2024-02-01
catboost,base_change,28.27043266452632,2024-02-01
catboost,change_1,0.048943009849353,2024-02-01
catboost,panel_change_1,1.0981555439339938,2024-02-01
catboost,relative_change_1,0.2412572713200393,2024-02-01
catboost,change_2,0.0781888603325862,2024-02-01
catboost,panel_change_2,2.8404423074547704,2024-02-01
catboost,relative_change_2,0.197183487453518,2024-02-01
catboost,change_3,1.5478591637722312,2024-02-01
catboost,panel_change_3,8.748829995559586,2024-02-01
catboost,relative_change_3,0.1059254842954549,2024-02-01
catboost,change_6,0.920764221820804,2024-02-01
catboost,panel_change_6,1.1846915233674489,2024-02-01
catboost,relative_change_6,0.0459406697898109,2024-02-01
catboost,change_12,0.9457686312165432,2024-02-01
catboost,panel_change_12,7.384146235203005,2024-02-01
catboost,relative_change_12,0.7159262778879381,2024-02-01
catboost,std_3,0.0221574941075101,2024-02-01
catboost,slope_3,0.0,2024-02-01
catboost,std_6,0.0541616857270447,2024-02-01
catboost,slope_6,0.1764593736014193,2024-02-01
catboost,category_ratio_0,0.0,2024-02-01
catboost,category_mom_0,0.0172603012737017,2024-02-01
catboost,category_ratio_1,0.8591800839748375,2024-02-01
catboost,category_mom_1,0.0,2024-02-01
catboost,category_ratio_2,0.4859053936203729,2024-02-01
catboost,category_mom_2,0.3644405860778028,2024-02-01
catboost,category_ratio_3,0.4430273340546577,2024-02-01
catboost,category_mom_3,0.1026861668575217,2024-02-01
catboost,category_ratio_4,0.3314190986449062,2024-02-01
catboost,category_mom_4,0.0169600783977642,2024-02-01
catboost,category_ratio_5,0.3954780689886716,2024-02-01
catboost,category_mom_5,0.0,2024-02-01
lightgbm,category,225.0,2024-02-01
lightgbm,horizon,350.0,2024-02-01
lightgbm,month,895.0,2024-02-01
lightgbm,history_length,71.0,2024-02-01
lightgbm,log_base,264.0,2024-02-01
lightgbm,log_level,145.0,2024-02-01
lightgbm,base_change,508.0,2024-02-01
lightgbm,change_1,22.0,2024-02-01
lightgbm,panel_change_1,92.0,2024-02-01
lightgbm,relative_change_1,98.0,2024-02-01
lightgbm,change_2,22.0,2024-02-01
lightgbm,panel_change_2,114.0,2024-02-01
lightgbm,relative_change_2,41.0,2024-02-01
lightgbm,change_3,105.0,2024-02-01
lightgbm,panel_change_3,177.0,2024-02-01
lightgbm,relative_change_3,16.0,2024-02-01
lightgbm,change_6,46.0,2024-02-01
lightgbm,panel_change_6,106.0,2024-02-01
lightgbm,relative_change_6,27.0,2024-02-01
lightgbm,change_12,123.0,2024-02-01
lightgbm,panel_change_12,209.0,2024-02-01
lightgbm,relative_change_12,109.0,2024-02-01
lightgbm,std_3,35.0,2024-02-01
lightgbm,slope_3,0.0,2024-02-01
lightgbm,std_6,39.0,2024-02-01
lightgbm,slope_6,53.0,2024-02-01
lightgbm,category_ratio_0,0.0,2024-02-01
lightgbm,category_mom_0,12.0,2024-02-01
lightgbm,category_ratio_1,143.0,2024-02-01
lightgbm,category_mom_1,24.0,2024-02-01
lightgbm,category_ratio_2,169.0,2024-02-01
lightgbm,category_mom_2,46.0,2024-02-01
lightgbm,category_ratio_3,207.0,2024-02-01
lightgbm,category_mom_3,55.0,2024-02-01
lightgbm,category_ratio_4,177.0,2024-02-01
lightgbm,category_mom_4,22.0,2024-02-01
lightgbm,category_ratio_5,131.0,2024-02-01
lightgbm,category_mom_5,22.0,2024-02-01
lightgbm_news,category,238.0,2024-02-01
lightgbm_news,horizon,343.0,2024-02-01
lightgbm_news,month,939.0,2024-02-01
lightgbm_news,history_length,54.0,2024-02-01
lightgbm_news,log_base,228.0,2024-02-01
lightgbm_news,log_level,157.0,2024-02-01
lightgbm_news,base_change,501.0,2024-02-01
lightgbm_news,change_1,28.0,2024-02-01
lightgbm_news,panel_change_1,84.0,2024-02-01
lightgbm_news,relative_change_1,98.0,2024-02-01
lightgbm_news,change_2,33.0,2024-02-01
lightgbm_news,panel_change_2,99.0,2024-02-01
lightgbm_news,relative_change_2,34.0,2024-02-01
lightgbm_news,change_3,105.0,2024-02-01
lightgbm_news,panel_change_3,175.0,2024-02-01
lightgbm_news,relative_change_3,19.0,2024-02-01
lightgbm_news,change_6,42.0,2024-02-01
lightgbm_news,panel_change_6,115.0,2024-02-01
lightgbm_news,relative_change_6,33.0,2024-02-01
lightgbm_news,change_12,126.0,2024-02-01
lightgbm_news,panel_change_12,172.0,2024-02-01
lightgbm_news,relative_change_12,115.0,2024-02-01
lightgbm_news,std_3,38.0,2024-02-01
lightgbm_news,slope_3,0.0,2024-02-01
lightgbm_news,std_6,41.0,2024-02-01
lightgbm_news,slope_6,65.0,2024-02-01
lightgbm_news,category_ratio_0,0.0,2024-02-01
lightgbm_news,category_mom_0,17.0,2024-02-01
lightgbm_news,category_ratio_1,145.0,2024-02-01
lightgbm_news,category_mom_1,23.0,2024-02-01
lightgbm_news,category_ratio_2,163.0,2024-02-01
lightgbm_news,category_mom_2,39.0,2024-02-01
lightgbm_news,category_ratio_3,221.0,2024-02-01
lightgbm_news,category_mom_3,51.0,2024-02-01
lightgbm_news,category_ratio_4,162.0,2024-02-01
lightgbm_news,category_mom_4,29.0,2024-02-01
lightgbm_news,category_ratio_5,127.0,2024-02-01
lightgbm_news,category_mom_5,16.0,2024-02-01
lightgbm_news,news_rate,0.0,2024-02-01
lightgbm_news,news_rate_change_3m,20.0,2024-02-01
lightgbm_news,news_tightening_signal,5.0,2024-02-01
lightgbm_news,news_releases_3m,0.0,2024-02-01
catboost,category,7.918484606640774,2024-03-01
catboost,horizon,5.6964244549343785,2024-03-01
catboost,month,25.424094512966448,2024-03-01
catboost,history_length,3.4262317702780947,2024-03-01
catboost,log_base,3.005132279421954,2024-03-01
catboost,log_level,2.082715304829875,2024-03-01
catboost,base_change,24.81090998263169,2024-03-01
catboost,change_1,0.0981359291847916,2024-03-01
catboost,panel_change_1,0.8426708817253956,2024-03-01
catboost,relative_change_1,0.1187219654930429,2024-03-01
catboost,change_2,0.2002363800972837,2024-03-01
catboost,panel_change_2,2.86238319849282,2024-03-01
catboost,relative_change_2,0.1451896621093866,2024-03-01
catboost,change_3,0.835283228068942,2024-03-01
catboost,panel_change_3,9.654966020463712,2024-03-01
catboost,relative_change_3,0.0902113391501927,2024-03-01
catboost,change_6,1.8652014365745904,2024-03-01
catboost,panel_change_6,1.836059904383606,2024-03-01
catboost,relative_change_6,0.029902622785449,2024-03-01
catboost,change_12,1.134526217426192,2024-03-01
catboost,panel_change_12,4.877264644535813,2024-03-01
catboost,relative_change_12,0.6819579327764009,2024-03-01
catboost,std_3,0.0129091703669249,2024-03-01
catboost,slope_3,0.0,2024-03-01
catboost,std_6,0.0129610681342391,2024-03-01
catboost,slope_6,0.2491179214470844,2024-03-01
catboost,category_ratio_0,0.0,2024-03-01
catboost,category_mom_0,0.0,2024-03-01
catboost,category_ratio_1,0.7128899475712981,2024-03-01
catboost,category_mom_1,0.0082144784064771,2024-03-01
catboost,category_ratio_2,0.2820484608316887,2024-03-01
catboost,category_mom_2,0.100846352315566,2024-03-01
catboost,category_ratio_3,0.3411019758869836,2024-03-01
catboost,category_mom_3,0.0361303123061745,2024-03-01
catboost,category_ratio_4,0.2003476035648011,2024-03-01
catboost,category_mom_4,0.0599130888387806,2024-03-01
catboost,category_ratio_5,0.2962136756416578,2024-03-01
catboost,category_mom_5,0.0506016697175179,2024-03-01
lightgbm,category,254.0,2024-03-01
lightgbm,horizon,413.0,2024-03-01
lightgbm,month,1043.0,2024-03-01
lightgbm,history_length,84.0,2024-03-01
lightgbm,log_base,255.0,2024-03-01
lightgbm,log_level,104.0,2024-03-01
lightgbm,base_change,483.0,2024-03-01
lightgbm,change_1,32.0,2024-03-01
lightgbm,panel_change_1,105.0,2024-03-01
lightgbm,relative_change_1,82.0,2024-03-01
lightgbm,change_2,29.0,2024-03-01
lightgbm,panel_change_2,87.0,2024-03-01
lightgbm,relative_change_2,30.0,2024-03-01
lightgbm,change_3,90.0,2024-03-01
lightgbm,panel_change_3,177.0,2024-03-01
lightgbm,relative_change_3,14.0,2024-03-01
lightgbm,change_6,68.0,2024-03-01
lightgbm,panel_change_6,103.0,2024-03-01
lightgbm,relative_change_6,28.0,2024-03-01
lightgbm,change_12,104.0,2024-03-01
lightgbm,panel_change_12,204.0,2024-03-01
lightgbm,relative_change_12,113.0,2024-03-01
lightgbm,std_3,24.0,2024-03-01
lightgbm,slope_3,0.0,2024-03-01
lightgbm,std_6,28.0,2024-03-01
lightgbm,slope_6,84.0,2024-03-01
lightgbm,category_ratio_0,0.0,2024-03-01
lightgbm,category_mom_0,8.0,2024-03-01
lightgbm,category_ratio_1,129.0,2024-03-01
lightgbm,category_mom_1,21.0,2024-03-01
lightgbm,category_ratio_2,155.0,2024-03-01
lightgbm,category_mom_2,44.0,2024-03-01
lightgbm,category_ratio_3,159.0,2024-03-01
lightgbm,category_mom_3,53.0,2024-03-01
lightgbm,category_ratio_4,160.0,2024-03-01
lightgbm,category_mom_4,3.0,2024-03-01
lightgbm,category_ratio_5,107.0,2024-03-01
lightgbm,category_mom_5,23.0,2024-03-01
lightgbm_news,category,224.0,2024-03-01
lightgbm_news,horizon,416.0,2024-03-01
lightgbm_news,month,1015.0,2024-03-01
lightgbm_news,history_length,77.0,2024-03-01
lightgbm_news,log_base,248.0,2024-03-01
lightgbm_news,log_level,94.0,2024-03-01
lightgbm_news,base_change,510.0,2024-03-01
lightgbm_news,change_1,36.0,2024-03-01
lightgbm_news,panel_change_1,99.0,2024-03-01
lightgbm_news,relative_change_1,78.0,2024-03-01
lightgbm_news,change_2,34.0,2024-03-01
lightgbm_news,panel_change_2,93.0,2024-03-01
lightgbm_news,relative_change_2,40.0,2024-03-01
lightgbm_news,change_3,79.0,2024-03-01
lightgbm_news,panel_change_3,174.0,2024-03-01
lightgbm_news,relative_change_3,18.0,2024-03-01
lightgbm_news,change_6,73.0,2024-03-01
lightgbm_news,panel_change_6,101.0,2024-03-01
lightgbm_news,relative_change_6,21.0,2024-03-01
lightgbm_news,change_12,118.0,2024-03-01
lightgbm_news,panel_change_12,191.0,2024-03-01
lightgbm_news,relative_change_12,116.0,2024-03-01
lightgbm_news,std_3,21.0,2024-03-01
lightgbm_news,slope_3,0.0,2024-03-01
lightgbm_news,std_6,30.0,2024-03-01
lightgbm_news,slope_6,89.0,2024-03-01
lightgbm_news,category_ratio_0,0.0,2024-03-01
lightgbm_news,category_mom_0,8.0,2024-03-01
lightgbm_news,category_ratio_1,130.0,2024-03-01
lightgbm_news,category_mom_1,13.0,2024-03-01
lightgbm_news,category_ratio_2,140.0,2024-03-01
lightgbm_news,category_mom_2,45.0,2024-03-01
lightgbm_news,category_ratio_3,170.0,2024-03-01
lightgbm_news,category_mom_3,47.0,2024-03-01
lightgbm_news,category_ratio_4,165.0,2024-03-01
lightgbm_news,category_mom_4,12.0,2024-03-01
lightgbm_news,category_ratio_5,111.0,2024-03-01
lightgbm_news,category_mom_5,25.0,2024-03-01
lightgbm_news,news_rate,0.0,2024-03-01
lightgbm_news,news_rate_change_3m,26.0,2024-03-01
lightgbm_news,news_tightening_signal,13.0,2024-03-01
lightgbm_news,news_releases_3m,0.0,2024-03-01
catboost,category,7.506127079510765,2024-04-01
catboost,horizon,6.959861494728045,2024-04-01
catboost,month,22.59227515374063,2024-04-01
catboost,history_length,5.25470116894285,2024-04-01
catboost,log_base,4.507067062847933,2024-04-01
catboost,log_level,1.9883552890724,2024-04-01
catboost,base_change,26.016261882111067,2024-04-01
catboost,change_1,0.1043245401434374,2024-04-01
catboost,panel_change_1,0.9565057487171248,2024-04-01
catboost,relative_change_1,0.1084053703264201,2024-04-01
catboost,change_2,0.3305069748041123,2024-04-01
catboost,panel_change_2,2.14194998927346,2024-04-01
catboost,relative_change_2,0.1193815986207477,2024-04-01
catboost,change_3,1.1097447751061496,2024-04-01
catboost,panel_change_3,7.55579800436851,2024-04-01
catboost,relative_change_3,0.0476398166133466,2024-04-01
catboost,change_6,2.362124343898505,2024-04-01
catboost,panel_change_6,1.7350743449755848,2024-04-01
catboost,relative_change_6,0.0350876850697736,2024-04-01
catboost,change_12,1.2291988579467017,2024-04-01
catboost,panel_change_12,4.140089839625212,2024-04-01
catboost,relative_change_12,0.6756069049395712,2024-04-01
catboost,std_3,0.0237505531012418,2024-04-01
catboost,slope_3,0.0,2024-04-01
catboost,std_6,0.031529207137545,2024-04-01
catboost,slope_6,0.1329714025683622,2024-04-01
catboost,category_ratio_0,0.0,2024-04-01
catboost,category_mom_0,0.1954439414882114,2024-04-01
catboost,category_ratio_1,0.6896675003968711,2024-04-01
catboost,category_mom_1,0.006814275419518,2024-04-01
catboost,category_ratio_2,0.3950770441875198,2024-04-01
catboost,category_mom_2,0.2304899053304505,2024-04-01
catboost,category_ratio_3,0.330767867047321,2024-04-01
catboost,category_mom_3,0.0263305858062212,2024-04-01
catboost,category_ratio_4,0.1389806270949513,2024-04-01
catboost,category_mom_4,0.0181851854329928,2024-04-01
catboost,category_ratio_5,0.2831242127014998,2024-04-01
catboost,category_mom_5,0.0207797669049645,2024-04-01
lightgbm,category,243.0,2024-04-01
lightgbm,horizon,437.0,2024-04-01
lightgbm,month,1097.0,2024-04-01
lightgbm,history_length,107.0,2024-04-01
lightgbm,log_base,259.0,2024-04-01
lightgbm,log_level,123.0,2024-04-01
lightgbm,base_change,500.0,2024-04-01
lightgbm,change_1,25.0,2024-04-01
lightgbm,panel_change_1,94.0,2024-04-01
lightgbm,relative_change_1,73.0,2024-04-01
lightgbm,change_2,38.0,2024-04-01
lightgbm,panel_change_2,100.0,2024-04-01
lightgbm,relative_change_2,30.0,2024-04-01
lightgbm,change_3,74.0,2024-04-01
lightgbm,panel_change_3,178.0,2024-04-01
lightgbm,relative_change_3,19.0,2024-04-01
lightgbm,change_6,72.0,2024-04-01
lightgbm,panel_change_6,124.0,2024-04-01
lightgbm,relative_change_6,21.0,2024-04-01
lightgbm,change_12,102.0,2024-04-01
lightgbm,panel_change_12,178.0,2024-04-01
lightgbm,relative_change_12,110.0,2024-04-01
lightgbm,std_3,42.0,2024-04-01
lightgbm,slope_3,0.0,2024-04-01
lightgbm,std_6,44.0,2024-04-01
lightgbm,slope_6,77.0,2024-04-01
lightgbm,category_ratio_0,0.0,2024-04-01
lightgbm,category_mom_0,17.0,2024-04-01
lightgbm,category_ratio_1,109.0,2024-04-01
lightgbm,category_mom_1,11.0,2024-04-01
lightgbm,category_ratio_2,106.0,2024-04-01
lightgbm,category_mom_2,39.0,2024-04-01
lightgbm,category_ratio_3,174.0,2024-04-01
lightgbm,category_mom_3,31.0,2024-04-01
lightgbm,category_ratio_4,115.0,2024-04-01
lightgbm,category_mom_4,22.0,2024-04-01
lightgbm,category_ratio_5,86.0,2024-04-01
lightgbm,category_mom_5,23.0,2024-04-01
lightgbm_news,category,236.0,2024-04-01
lightgbm_news,horizon,413.0,2024-04-01
lightgbm_news,month,1110.0,2024-04-01
lightgbm_news,history_length,97.0,2024-04-01
lightgbm_news,log_base,249.0,2024-04-01
lightgbm_news,log_level,92.0,2024-04-01
lightgbm_news,base_change,496.0,2024-04-01
lightgbm_news,change_1,29.0,2024-04-01
lightgbm_news,panel_change_1,91.0,2024-04-01
lightgbm_news,relative_change_1,78.0,2024-04-01
lightgbm_news,change_2,43.0,2024-04-01
lightgbm_news,panel_change_2,86.0,2024-04-01
lightgbm_news,relative_change_2,30.0,2024-04-01
lightgbm_news,change_3,68.0,2024-04-01
lightgbm_news,panel_change_3,187.0,2024-04-01
lightgbm_news,relative_change_3,23.0,2024-04-01
lightgbm_news,change_6,81.0,2024-04-01
lightgbm_news,panel_change_6,119.0,2024-04-01
lightgbm_news,relative_change_6,23.0,2024-04-01
lightgbm_news,change_12,99.0,2024-04-01
lightgbm_news,panel_change_12,167.0,2024-04-01
lightgbm_news,relative_change_12,100.0,2024-04-01
lightgbm_news,std_3,42.0,2024-04-01
lightgbm_news,slope_3,0.0,2024-04-01
lightgbm_news,std_6,49.0,2024-04-01
lightgbm_news,slope_6,76.0,2024-04-01
lightgbm_news,category_ratio_0,0.0,2024-04-01
lightgbm_news,category_mom_0,23.0,2024-04-01
lightgbm_news,category_ratio_1,96.0,2024-04-01
lightgbm_news,category_mom_1,9.0,2024-04-01
lightgbm_news,category_ratio_2,101.0,2024-04-01
lightgbm_news,category_mom_2,43.0,2024-04-01
lightgbm_news,category_ratio_3,177.0,2024-04-01
lightgbm_news,category_mom_3,34.0,2024-04-01
lightgbm_news,category_ratio_4,125.0,2024-04-01
lightgbm_news,category_mom_4,19.0,2024-04-01
lightgbm_news,category_ratio_5,112.0,2024-04-01
lightgbm_news,category_mom_5,25.0,2024-04-01
lightgbm_news,news_rate,0.0,2024-04-01
lightgbm_news,news_rate_change_3m,42.0,2024-04-01
lightgbm_news,news_tightening_signal,7.0,2024-04-01
lightgbm_news,news_releases_3m,3.0,2024-04-01
catboost,category,6.138005896433605,2024-05-01
catboost,horizon,8.15476512488451,2024-05-01
catboost,month,22.012330901907603,2024-05-01
catboost,history_length,6.5968598614842735,2024-05-01
catboost,log_base,3.157540350232096,2024-05-01
catboost,log_level,3.3817384907543167,2024-05-01
catboost,base_change,24.19468565231788,2024-05-01
catboost,change_1,0.0768254981848275,2024-05-01
catboost,panel_change_1,1.0782828461852214,2024-05-01
catboost,relative_change_1,0.1670643010173111,2024-05-01
catboost,change_2,0.524134062314855,2024-05-01
catboost,panel_change_2,1.751987458169879,2024-05-01
catboost,relative_change_2,0.0927275088169087,2024-05-01
catboost,change_3,0.8388928297827777,2024-05-01
catboost,panel_change_3,7.934937830090344,2024-05-01
catboost,relative_change_3,0.0,2024-05-01
catboost,change_6,3.316216597796677,2024-05-01
catboost,panel_change_6,2.601993791358291,2024-05-01
catboost,relative_change_6,0.1022452587365207,2024-05-01
catboost,change_12,1.386154579228904,2024-05-01
catboost,panel_change_12,3.462205356465131,2024-05-01
catboost,relative_change_12,0.4740162528933538,2024-05-01
catboost,std_3,0.0090835961755242,2024-05-01
catboost,slope_3,0.0,2024-05-01
catboost,std_6,0.0532728609582495,2024-05-01
catboost,slope_6,0.3882966868424772,2024-05-01
catboost,category_ratio_0,0.0,2024-05-01
catboost,category_mom_0,0.0347941117755939,2024-05-01
catboost,category_ratio_1,0.5923664843578857,2024-05-01
catboost,category_mom_1,0.0089099198181631,2024-05-01
catboost,category_ratio_2,0.5043218362281647,2024-05-01
catboost,category_mom_2,0.0224688273479663,2024-05-01
catboost,category_ratio_3,0.3988055922079687,2024-05-01
catboost,category_mom_3,0.0077175477646298,2024-05-01
catboost,category_ratio_4,0.1803513013486837,2024-05-01
catboost,category_mom_4,0.0441574713578938,2024-05-01
catboost,category_ratio_5,0.2994054201043801,2024-05-01
catboost,category_mom_5,0.0124378946571002,2024-05-01
lightgbm,category,232.0,2024-05-01
lightgbm,horizon,429.0,2024-05-01
lightgbm,month,1103.0,2024-05-01
lightgbm,history_length,128.0,2024-05-01
lightgbm,log_base,234.0,2024-05-01
lightgbm,log_level,96.0,2024-05-01
lightgbm,base_change,563.0,2024-05-01
lightgbm,change_1,34.0,2024-05-01
lightgbm,panel_change_1,105.0,2024-05-01
lightgbm,relative_change_1,70.0,2024-05-01
lightgbm,change_2,45.0,2024-05-01
lightgbm,panel_change_2,94.0,2024-05-01
lightgbm,relative_change_2,34.0,2024-05-01
lightgbm,change_3,79.0,2024-05-01
lightgbm,panel_change_3,170.0,2024-05-01
lightgbm,relative_change_3,24.0,2024-05-01
lightgbm,change_6,67.0,2024-05-01
lightgbm,panel_change_6,115.0,2024-05-01
lightgbm,relative_change_6,39.0,2024-05-01
lightgbm,change_12,124.0,2024-05-01
lightgbm,panel_change_12,204.0,2024-05-01
lightgbm,relative_change_12,71.0,2024-05-01
lightgbm,std_3,18.0,2024-05-01
lightgbm,slope_3,0.0,2024-05-01
lightgbm,std_6,48.0,2024-05-01
lightgbm,slope_6,69.0,2024-05-01
lightgbm,category_ratio_0,0.0,2024-05-01
lightgbm,category_mom_0,10.0,2024-05-01
lightgbm,category_ratio_1,72.0,2024-05-01
lightgbm,category_mom_1,8.0,2024-05-01
lightgbm,category_ratio_2,118.0,2024-05-01
lightgbm,category_mom_2,43.0,2024-05-01
lightgbm,category_ratio_3,172.0,2024-05-01
lightgbm,category_mom_3,27.0,2024-05-01
lightgbm,category_ratio_4,130.0,2024-05-01
lightgbm,category_mom_4,18.0,2024-05-01
lightgbm,category_ratio_5,90.0,2024-05-01
lightgbm,category_mom_5,17.0,2024-05-01
lightgbm_news,category,234.0,2024-05-01
lightgbm_news,horizon,444.0,2024-05-01
lightgbm_news,month,1130.0,2024-05-01
lightgbm_news,history_length,99.0,2024-05-01
lightgbm_news,log_base,211.0,2024-05-01
lightgbm_news,log_level,115.0,2024-05-01
lightgbm_news,base_change,556.0,2024-05-01
lightgbm_news,change_1,22.0,2024-05-01
lightgbm_news,panel_change_1,108.0,2024-05-01
lightgbm_news,relative_change_1,67.0,2024-05-01
lightgbm_news,change_2,44.0,2024-05-01
lightgbm_news,panel_change_2,87.0,2024-05-01
lightgbm_news,relative_change_2,34.0,2024-05-01
lightgbm_news,change_3,80.0,2024-05-01
lightgbm_news,panel_change_3,156.0,2024-05-01
lightgbm_news,relative_change_3,26.0,2024-05-01
lightgbm_news,change_6,71.0,2024-05-01
lightgbm_news,panel_change_6,118.0,2024-05-01
lightgbm_news,relative_change_6,41.0,2024-05-01
lightgbm_news,change_12,127.0,2024-05-01
lightgbm_news,panel_change_12,209.0,2024-05-01
lightgbm_news,relative_change_12,67.0,2024-05-01
lightgbm_news,std_3,15.0,2024-05-01
lightgbm_news,slope_3,0.0,2024-05-01
lightgbm_news,std_6,34.0,2024-05-01
lightgbm_news,slope_6,72.0,2024-05-01
lightgbm_news,category_ratio_0,0.0,2024-05-01
lightgbm_news,category_mom_0,17.0,2024-05-01
lightgbm_news,category_ratio_1,66.0,2024-05-01
lightgbm_news,category_mom_1,10.0,2024-05-01
lightgbm_news,category_ratio_2,109.0,2024-05-01
lightgbm_news,category_mom_2,41.0,2024-05-01
lightgbm_news,category_ratio_3,158.0,2024-05-01
lightgbm_news,category_mom_3,22.0,2024-05-01
lightgbm_news,category_ratio_4,131.0,2024-05-01
lightgbm_news,category_mom_4,17.0,2024-05-01
lightgbm_news,category_ratio_5,90.0,2024-05-01
lightgbm_news,category_mom_5,21.0,2024-05-01
lightgbm_news,news_rate,0.0,2024-05-01
lightgbm_news,news_rate_change_3m,36.0,2024-05-01
lightgbm_news,news_tightening_signal,5.0,2024-05-01
lightgbm_news,news_releases_3m,10.0,2024-05-01
catboost,category,4.887772008841195,2024-06-01
catboost,horizon,10.024633223772314,2024-06-01
catboost,month,21.203756045223876,2024-06-01
catboost,history_length,8.178922405459748,2024-06-01
catboost,log_base,4.036423608269292,2024-06-01
catboost,log_level,1.3321660432513187,2024-06-01
catboost,base_change,22.45051591055738,2024-06-01
catboost,change_1,0.0899200836113999,2024-06-01
catboost,panel_change_1,0.8160399663369983,2024-06-01
catboost,relative_change_1,0.2110752087987954,2024-06-01
catboost,change_2,0.2633421274973593,2024-06-01
catboost,panel_change_2,2.950121493123829,2024-06-01
catboost,relative_change_2,0.1755432655427886,2024-06-01
catboost,change_3,1.0822087793478712,2024-06-01
catboost,panel_change_3,7.178837272740917,2024-06-01
catboost,relative_change_3,0.0227130422346214,2024-06-01
catboost,change_6,2.746632748727762,2024-06-01
catboost,panel_change_6,3.434663843965478,2024-06-01
catboost,relative_change_6,0.118914889219662,2024-06-01
catboost,change_12,1.652703742605704,2024-06-01
catboost,panel_change_12,4.170007341622214,2024-06-01
catboost,relative_change_12,0.3957014071914421,2024-06-01
catboost,std_3,0.035214229852462,2024-06-01
catboost,slope_3,0.0,2024-06-01
catboost,std_6,0.0703074968912824,2024-06-01
catboost,slope_6,0.1873709234524179,2024-06-01
catboost,category_ratio_0,0.0,2024-06-01
catboost,category_mom_0,0.0681224677564727,2024-06-01
catboost,category_ratio_1,0.5349159141994873,2024-06-01
catboost,category_mom_1,0.0,2024-06-01
catboost,category_ratio_2,0.5995468245000165,2024-06-01
catboost,category_mom_2,0.0298179241634617,2024-06-01
catboost,category_ratio_3,0.3272749688658113,2024-06-01
catboost,category_mom_3,0.0319125487356902,2024-06-01
catboost,category_ratio_4,0.2424513940245334,2024-06-01
catboost,category_mom_4,0.1061987214584301,2024-06-01
catboost,category_ratio_5,0.3386648702704891,2024-06-01
catboost,category_mom_5,0.0055872578874697,2024-06-01
lightgbm,category,239.0,2024-06-01
lightgbm,horizon,409.0,2024-06-01
lightgbm,month,1084.0,2024-06-01
lightgbm,history_length,135.0,2024-06-01
lightgbm,log_base,199.0,2024-06-01
lightgbm,log_level,89.0,2024-06-01
lightgbm,base_change,576.0,2024-06-01
lightgbm,change_1,33.0,2024-06-01
lightgbm,panel_change_1,81.0,2024-06-01
lightgbm,relative_change_1,70.0,2024-06-01
lightgbm,change_2,39.0,2024-06-01
lightgbm,panel_change_2,96.0,2024-06-01
lightgbm,relative_change_2,33.0,2024-06-01
lightgbm,change_3,86.0,2024-06-01
lightgbm,panel_change_3,150.0,2024-06-01
lightgbm,relative_change_3,23.0,2024-06-01
lightgbm,change_6,73.0,2024-06-01
lightgbm,panel_change_6,142.0,2024-06-01
lightgbm,relative_change_6,29.0,2024-06-01
lightgbm,change_12,124.0,2024-06-01
lightgbm,panel_change_12,205.0,2024-06-01
lightgbm,relative_change_12,83.0,2024-06-01
lightgbm,std_3,35.0,2024-06-01
lightgbm,slope_3,0.0,2024-06-01
lightgbm,std_6,44.0,2024-06-01
lightgbm,slope_6,82.0,2024-06-01
lightgbm,category_ratio_0,0.0,2024-06-01
lightgbm,category_mom_0,8.0,2024-06-01
lightgbm,category_ratio_1,63.0,2024-06-01
lightgbm,category_mom_1,17.0,2024-06-01
lightgbm,category_ratio_2,107.0,2024-06-01
lightgbm,category_mom_2,30.0,2024-06-01
lightgbm,category_ratio_3,192.0,2024-06-01
lightgbm,category_mom_3,38.0,2024-06-01
lightgbm,category_ratio_4,126.0,2024-06-01
lightgbm,category_mom_4,26.0,2024-06-01
lightgbm,category_ratio_5,114.0,2024-06-01
lightgbm,category_mom_5,20.0,2024-06-01
lightgbm_news,category,239.0,2024-06-01
lightgbm_news,horizon,402.0,2024-06-01
lightgbm_news,month,1054.0,2024-06-01
lightgbm_news,history_length,125.0,2024-06-01
lightgbm_news,log_base,209.0,2024-06-01
lightgbm_news,log_level,76.0,2024-06-01
lightgbm_news,base_change,590.0,2024-06-01
lightgbm_news,change_1,35.0,2024-06-01
lightgbm_news,panel_change_1,88.0,2024-06-01
lightgbm_news,relative_change_1,71.0,2024-06-01
lightgbm_news,change_2,40.0,2024-06-01
lightgbm_news,panel_change_2,97.0,2024-06-01
lightgbm_news,relative_change_2,41.0,2024-06-01
lightgbm_news,change_3,89.0,2024-06-01
lightgbm_news,panel_change_3,150.0,2024-06-01
lightgbm_news,relative_change_3,19.0,2024-06-01
lightgbm_news,change_6,73.0,2024-06-01
lightgbm_news,panel_change_6,133.0,2024-06-01
lightgbm_news,relative_change_6,34.0,2024-06-01
lightgbm_news,change_12,137.0,2024-06-01
lightgbm_news,panel_change_12,207.0,2024-06-01
lightgbm_news,relative_change_12,88.0,2024-06-01
lightgbm_news,std_3,31.0,2024-06-01
lightgbm_news,slope_3,0.0,2024-06-01
lightgbm_news,std_6,55.0,2024-06-01
lightgbm_news,slope_6,89.0,2024-06-01
lightgbm_news,category_ratio_0,0.0,2024-06-01
lightgbm_news,category_mom_0,11.0,2024-06-01
lightgbm_news,category_ratio_1,63.0,2024-06-01
lightgbm_news,category_mom_1,13.0,2024-06-01
lightgbm_news,category_ratio_2,98.0,2024-06-01
lightgbm_news,category_mom_2,28.0,2024-06-01
lightgbm_news,category_ratio_3,193.0,2024-06-01
lightgbm_news,category_mom_3,25.0,2024-06-01
lightgbm_news,category_ratio_4,117.0,2024-06-01
lightgbm_news,category_mom_4,18.0,2024-06-01
lightgbm_news,category_ratio_5,103.0,2024-06-01
lightgbm_news,category_mom_5,26.0,2024-06-01
lightgbm_news,news_rate,0.0,2024-06-01
lightgbm_news,news_rate_change_3m,23.0,2024-06-01
lightgbm_news,news_tightening_signal,6.0,2024-06-01
lightgbm_news,news_releases_3m,4.0,2024-06-01
catboost,category,4.327352098287485,2024-07-01
catboost,horizon,10.407371273381424,2024-07-01
catboost,month,20.53273255703415,2024-07-01
catboost,history_length,10.398267007442186,2024-07-01
catboost,log_base,2.740362386417687,2024-07-01
catboost,log_level,3.1078563302258857,2024-07-01
catboost,base_change,22.72115550471633,2024-07-01
catboost,change_1,0.0351916529911884,2024-07-01
catboost,panel_change_1,0.4064543532495625,2024-07-01
catboost,relative_change_1,0.2565445751753039,2024-07-01
catboost,change_2,0.3797592780998561,2024-07-01
catboost,panel_change_2,2.5813450204449397,2024-07-01
catboost,relative_change_2,0.183633258414017,2024-07-01
catboost,change_3,0.6290980802974745,2024-07-01
catboost,panel_change_3,4.264257202414752,2024-07-01
catboost,relative_change_3,0.0625458331573777,2024-07-01
catboost,change_6,2.416629795530912,2024-07-01
catboost,panel_change_6,2.5040435532908765,2024-07-01
catboost,relative_change_6,0.0441686946776728,2024-07-01
catboost,change_12,1.596172006510453,2024-07-01
catboost,panel_change_12,7.255314141315188,2024-07-01
catboost,relative_change_12,0.5737283611256869,2024-07-01
catboost,std_3,0.0365626901703823,2024-07-01
catboost,slope_3,0.0,2024-07-01
catboost,std_6,0.0687147160667629,2024-07-01
catboost,slope_6,0.3113419901071821,2024-07-01
catboost,category_ratio_0,0.0,2024-07-01
catboost,category_mom_0,0.0707009829804779,2024-07-01
catboost,category_ratio_1,0.5044109761112455,2024-07-01
catboost,category_mom_1,0.0,2024-07-01
catboost,category_ratio_2,0.6526816718117645,2024-07-01
catboost,category_mom_2,0.0195631910002914,2024-07-01
catboost,category_ratio_3,0.3879094775785785,2024-07-01
catboost,category_mom_3,0.0115482500184711,2024-07-01
catboost,category_ratio_4,0.1721253661471704,2024-07-01
catboost,category_mom_4,0.086678989960845,2024-07-01
catboost,category_ratio_5,0.2447640903658977,2024-07-01
catboost,category_mom_5,0.0090146434805208,2024-07-01
lightgbm,category,209.0,2024-07-01
lightgbm,horizon,445.0,2024-07-01
lightgbm,month,1039.0,2024-07-01
lightgbm,history_length,210.0,2024-07-01
lightgbm,log_base,203.0,2024-07-01
lightgbm,log_level,92.0,2024-07-01
lightgbm,base_change,616.0,2024-07-01
lightgbm,change_1,36.0,2024-07-01
lightgbm,panel_change_1,83.0,2024-07-01
lightgbm,relative_change_1,72.0,2024-07-01
lightgbm,change_2,40.0,2024-07-01
lightgbm,panel_change_2,107.0,2024-07-01
lightgbm,relative_change_2,32.0,2024-07-01
lightgbm,change_3,59.0,2024-07-01
lightgbm,panel_change_3,175.0,2024-07-01
lightgbm,relative_change_3,33.0,2024-07-01
lightgbm,change_6,88.0,2024-07-01
lightgbm,panel_change_6,142.0,2024-07-01
lightgbm,relative_change_6,28.0,2024-07-01
lightgbm,change_12,124.0,2024-07-01
lightgbm,panel_change_12,203.0,2024-07-01
lightgbm,relative_change_12,73.0,2024-07-01
lightgbm,std_3,13.0,2024-07-01
lightgbm,slope_3,0.0,2024-07-01
lightgbm,std_6,54.0,2024-07-01
lightgbm,slope_6,112.0,2024-07-01
lightgbm,category_ratio_0,0.0,2024-07-01
lightgbm,category_mom_0,13.0,2024-07-01
lightgbm,category_ratio_1,57.0,2024-07-01
lightgbm,category_mom_1,18.0,2024-07-01
lightgbm,category_ratio_2,82.0,2024-07-01
lightgbm,category_mom_2,30.0,2024-07-01
lightgbm,category_ratio_3,160.0,2024-07-01
lightgbm,category_mom_3,19.0,2024-07-01
lightgbm,category_ratio_4,96.0,2024-07-01
lightgbm,category_mom_4,28.0,2024-07-01
lightgbm,category_ratio_5,81.0,2024-07-01
lightgbm,category_mom_5,28.0,2024-07-01
lightgbm_news,category,222.0,2024-07-01
lightgbm_news,horizon,437.0,2024-07-01
lightgbm_news,month,1070.0,2024-07-01
lightgbm_news,history_length,209.0,2024-07-01
lightgbm_news,log_base,205.0,2024-07-01
lightgbm_news,log_level,80.0,2024-07-01
lightgbm_news,base_change,586.0,2024-07-01
lightgbm_news,change_1,30.0,2024-07-01
lightgbm_news,panel_change_1,72.0,2024-07-01
lightgbm_news,relative_change_1,64.0,2024-07-01
lightgbm_news,change_2,41.0,2024-07-01
lightgbm_news,panel_change_2,82.0,2024-07-01
lightgbm_news,relative_change_2,39.0,2024-07-01
lightgbm_news,change_3,63.0,2024-07-01
lightgbm_news,panel_change_3,172.0,2024-07-01
lightgbm_news,relative_change_3,34.0,2024-07-01
lightgbm_news,change_6,79.0,2024-07-01
lightgbm_news,panel_change_6,144.0,2024-07-01
lightgbm_news,relative_change_6,21.0,2024-07-01
lightgbm_news,change_12,121.0,2024-07-01
lightgbm_news,panel_change_12,193.0,2024-07-01
lightgbm_news,relative_change_12,70.0,2024-07-01
lightgbm_news,std_3,26.0,2024-07-01
lightgbm_news,slope_3,0.0,2024-07-01
lightgbm_news,std_6,61.0,2024-07-01
lightgbm_news,slope_6,98.0,2024-07-01
lightgbm_news,category_ratio_0,0.0,2024-07-01
lightgbm_news,category_mom_0,4.0,2024-07-01
lightgbm_news,category_ratio_1,53.0,2024-07-01
lightgbm_news,category_mom_1,15.0,2024-07-01
lightgbm_news,category_ratio_2,94.0,2024-07-01
lightgbm_news,category_mom_2,27.0,2024-07-01
lightgbm_news,category_ratio_3,173.0,2024-07-01
lightgbm_news,category_mom_3,16.0,2024-07-01
lightgbm_news,category_ratio_4,92.0,2024-07-01
lightgbm_news,category_mom_4,19.0,2024-07-01
lightgbm_news,category_ratio_5,99.0,2024-07-01
lightgbm_news,category_mom_5,23.0,2024-07-01
lightgbm_news,news_rate,0.0,2024-07-01
lightgbm_news,news_rate_change_3m,55.0,2024-07-01
lightgbm_news,news_tightening_signal,8.0,2024-07-01
lightgbm_news,news_releases_3m,3.0,2024-07-01
catboost,category,4.048876223657559,2024-08-01
catboost,horizon,11.261929980487144,2024-08-01
catboost,month,20.061529600668667,2024-08-01
catboost,history_length,9.562325044403194,2024-08-01
catboost,log_base,2.9413462959001486,2024-08-01
catboost,log_level,1.1848806552212614,2024-08-01
catboost,base_change,25.27579066947712,2024-08-01
catboost,change_1,0.2338355535145393,2024-08-01
catboost,panel_change_1,1.5387653877307548,2024-08-01
catboost,relative_change_1,0.2671070745292473,2024-08-01
catboost,change_2,0.5926357877369843,2024-08-01
catboost,panel_change_2,2.5969886449402657,2024-08-01
catboost,relative_change_2,0.2255480727412683,2024-08-01
catboost,change_3,0.8574256450909306,2024-08-01
catboost,panel_change_3,3.4714862613888733,2024-08-01
catboost,relative_change_3,0.0310892037853287,2024-08-01
catboost,change_6,1.3256244451111503,2024-08-01
catboost,panel_change_6,4.39819186329885,2024-08-01
catboost,relative_change_6,0.0349723146536397,2024-08-01
catboost,change_12,1.8378382430617064,2024-08-01
catboost,panel_change_12,4.799629238488191,2024-08-01
catboost,relative_change_12,0.6064270386921663,2024-08-01
catboost,std_3,0.2312644126808878,2024-08-01
catboost,slope_3,0.0,2024-08-01
catboost,std_6,0.0917266974413043,2024-08-01
catboost,slope_6,0.2856870988590134,2024-08-01
catboost,category_ratio_0,0.0,2024-08-01
catboost,category_mom_0,0.1939428947793157,2024-08-01
catboost,category_ratio_1,0.4849652571567224,2024-08-01
catboost,category_mom_1,0.0,2024-08-01
catboost,category_ratio_2,0.5130562688632074,2024-08-01
catboost,category_mom_2,0.0854055021214213,2024-08-01
catboost,category_ratio_3,0.3792641760202775,2024-08-01
catboost,category_mom_3,0.031787811384568,2024-08-01
catboost,category_ratio_4,0.1669509912450426,2024-08-01
catboost,category_mom_4,0.0463607508506197,2024-08-01
catboost,category_ratio_5,0.2897761631959471,2024-08-01
catboost,category_mom_5,0.0455687308226853,2024-08-01
lightgbm,category,228.0,2024-08-01
lightgbm,horizon,472.0,2024-08-01
lightgbm,month,1008.0,2024-08-01
lightgbm,history_length,241.0,2024-08-01
lightgbm,log_base,194.0,2024-08-01
lightgbm,log_level,98.0,2024-08-01
lightgbm,base_change,575.0,2024-08-01
lightgbm,change_1,23.0,2024-08-01
lightgbm,panel_change_1,91.0,2024-08-01
lightgbm,relative_change_1,75.0,2024-08-01
lightgbm,change_2,42.0,2024-08-01
lightgbm,panel_change_2,98.0,2024-08-01
lightgbm,relative_change_2,38.0,2024-08-01
lightgbm,change_3,74.0,2024-08-01
lightgbm,panel_change_3,153.0,2024-08-01
lightgbm,relative_change_3,36.0,2024-08-01
lightgbm,change_6,65.0,2024-08-01
lightgbm,panel_change_6,128.0,2024-08-01
lightgbm,relative_change_6,39.0,2024-08-01
lightgbm,change_12,129.0,2024-08-01
lightgbm,panel_change_12,188.0,2024-08-01
lightgbm,relative_change_12,72.0,2024-08-01
lightgbm,std_3,35.0,2024-08-01
lightgbm,slope_3,0.0,2024-08-01
lightgbm,std_6,61.0,2024-08-01
lightgbm,slope_6,99.0,2024-08-01
lightgbm,category_ratio_0,0.0,2024-08-01
lightgbm,category_mom_0,4.0,2024-08-01
lightgbm,category_ratio_1,59.0,2024-08-01
lightgbm,category_mom_1,17.0,2024-08-01
lightgbm,category_ratio_2,102.0,2024-08-01
lightgbm,category_mom_2,27.0,2024-08-01
lightgbm,category_ratio_3,177.0,2024-08-01
lightgbm,category_mom_3,30.0,2024-08-01
lightgbm,category_ratio_4,107.0,2024-08-01
lightgbm,category_mom_4,18.0,2024-08-01
lightgbm,category_ratio_5,78.0,2024-08-01
lightgbm,category_mom_5,19.0,2024-08-01
lightgbm_news,category,239.0,2024-08-01
lightgbm_news,horizon,466.0,2024-08-01
lightgbm_news,month,1017.0,2024-08-01
lightgbm_news,history_length,214.0,2024-08-01
lightgbm_news,log_base,200.0,2024-08-01
lightgbm_news,log_level,107.0,2024-08-01
lightgbm_news,base_change,571.0,2024-08-01
lightgbm_news,change_1,22.0,2024-08-01
lightgbm_news,panel_change_1,82.0,2024-08-01
lightgbm_news,relative_change_1,70.0,2024-08-01
lightgbm_news,change_2,33.0,2024-08-01
lightgbm_news,panel_change_2,99.0,2024-08-01
lightgbm_news,relative_change_2,45.0,2024-08-01
lightgbm_news,change_3,71.0,2024-08-01
lightgbm_news,panel_change_3,147.0,2024-08-01
lightgbm_news,relative_change_3,29.0,2024-08-01
lightgbm_news,change_6,59.0,2024-08-01
lightgbm_news,panel_change_6,123.0,2024-08-01
lightgbm_news,relative_change_6,37.0,2024-08-01
lightgbm_news,change_12,142.0,2024-08-01
lightgbm_news,panel_change_12,180.0,2024-08-01
lightgbm_news,relative_change_12,84.0,2024-08-01
lightgbm_news,std_3,32.0,2024-08-01
lightgbm_news,slope_3,0.0,2024-08-01
lightgbm_news,std_6,63.0,2024-08-01
lightgbm_news,slope_6,85.0,2024-08-01
lightgbm_news,category_ratio_0,0.0,2024-08-01
lightgbm_news,category_mom_0,13.0,2024-08-01
lightgbm_news,category_ratio_1,44.0,2024-08-01
lightgbm_news,category_mom_1,12.0,2024-08-01
lightgbm_news,category_ratio_2,95.0,2024-08-01
lightgbm_news,category_mom_2,25.0,2024-08-01
lightgbm_news,category_ratio_3,174.0,2024-08-01
lightgbm_news,category_mom_3,32.0,2024-08-01
lightgbm_news,category_ratio_4,105.0,2024-08-01
lightgbm_news,category_mom_4,19.0,2024-08-01
lightgbm_news,category_ratio_5,78.0,2024-08-01
lightgbm_news,category_mom_5,18.0,2024-08-01
lightgbm_news,news_rate,0.0,2024-08-01
lightgbm_news,news_rate_change_3m,44.0,2024-08-01
lightgbm_news,news_tightening_signal,13.0,2024-08-01
lightgbm_news,news_releases_3m,11.0,2024-08-01
catboost,category,4.4224098426288885,2024-09-01
catboost,horizon,8.834984396386362,2024-09-01
catboost,month,20.687655345123986,2024-09-01
catboost,history_length,8.928240677893566,2024-09-01
catboost,log_base,2.5328684848057765,2024-09-01
catboost,log_level,1.3794224470226446,2024-09-01
catboost,base_change,28.81907342912846,2024-09-01
catboost,change_1,0.1913690332518172,2024-09-01
catboost,panel_change_1,2.9330607405311926,2024-09-01
catboost,relative_change_1,0.2177902912055141,2024-09-01
catboost,change_2,0.4257439266713177,2024-09-01
catboost,panel_change_2,2.318377678491099,2024-09-01
catboost,relative_change_2,0.2103236699048954,2024-09-01
catboost,change_3,0.3349517246454803,2024-09-01
catboost,panel_change_3,2.694697994642837,2024-09-01
catboost,relative_change_3,0.0229634018239963,2024-09-01
catboost,change_6,1.4990377394361634,2024-09-01
catboost,panel_change_6,2.2316998932889494,2024-09-01
catboost,relative_change_6,0.0815629607081673,2024-09-01
catboost,change_12,1.2834363651441094,2024-09-01
catboost,panel_change_12,5.948343201293209,2024-09-01
catboost,relative_change_12,0.6790456369406538,2024-09-01
catboost,std_3,0.5457489776800505,2024-09-01
catboost,slope_3,0.0,2024-09-01
catboost,std_6,0.0261859935954229,2024-09-01
catboost,slope_6,0.3800555237750053,2024-09-01
catboost,category_ratio_0,0.0,2024-09-01
catboost,category_mom_0,0.2905055336630235,2024-09-01
catboost,category_ratio_1,0.3883900531378355,2024-09-01
catboost,category_mom_1,0.0,2024-09-01
catboost,category_ratio_2,0.4731054815231473,2024-09-01
catboost,category_mom_2,0.1129893455125145,2024-09-01
catboost,category_ratio_3,0.3154059107244791,2024-09-01
catboost,category_mom_3,0.0227289963666503,2024-09-01
catboost,category_ratio_4,0.2935486669849173,2024-09-01
catboost,category_mom_4,0.1864234237349479,2024-09-01
catboost,category_ratio_5,0.2791228650888496,2024-09-01
catboost,category_mom_5,0.0087303472440881,2024-09-01
lightgbm,category,223.0,2024-09-01
lightgbm,horizon,466.0,2024-09-01
lightgbm,month,1020.0,2024-09-01
lightgbm,history_length,237.0,2024-09-01
lightgbm,log_base,226.0,2024-09-01
lightgbm,log_level,83.0,2024-09-01
lightgbm,base_change,579.0,2024-09-01
lightgbm,change_1,41.0,2024-09-01
lightgbm,panel_change_1,83.0,2024-09-01
lightgbm,relative_change_1,74.0,2024-09-01
lightgbm,change_2,42.0,2024-09-01
lightgbm,panel_change_2,125.0,2024-09-01
lightgbm,relative_change_2,34.0,2024-09-01
lightgbm,change_3,43.0,2024-09-01
lightgbm,panel_change_3,157.0,2024-09-01
lightgbm,relative_change_3,33.0,2024-09-01
lightgbm,change_6,66.0,2024-09-01
lightgbm,panel_change_6,117.0,2024-09-01
lightgbm,relative_change_6,48.0,2024-09-01
lightgbm,change_12,142.0,2024-09-01
lightgbm,panel_change_12,208.0,2024-09-01
lightgbm,relative_change_12,88.0,2024-09-01
lightgbm,std_3,34.0,2024-09-01
lightgbm,slope_3,0.0,2024-09-01
lightgbm,std_6,68.0,2024-09-01
lightgbm,slope_6,89.0,2024-09-01
lightgbm,category_ratio_0,0.0,2024-09-01
lightgbm,category_mom_0,13.0,2024-09-01
lightgbm,category_ratio_1,64.0,2024-09-01
lightgbm,category_mom_1,22.0,2024-09-01
lightgbm,category_ratio_2,80.0,2024-09-01
lightgbm,category_mom_2,15.0,2024-09-01
lightgbm,category_ratio_3,144.0,2024-09-01
lightgbm,category_mom_3,29.0,2024-09-01
lightgbm,category_ratio_4,108.0,2024-09-01
lightgbm,category_mom_4,18.0,2024-09-01
lightgbm,category_ratio_5,72.0,2024-09-01
lightgbm,category_mom_5,9.0,2024-09-01
lightgbm_news,category,244.0,2024-09-01
lightgbm_news,horizon,484.0,2024-09-01
lightgbm_news,month,1004.0,2024-09-01
lightgbm_news,history_length,215.0,2024-09-01
lightgbm_news,log_base,229.0,2024-09-01
lightgbm_news,log_level,87.0,2024-09-01
lightgbm_news,base_change,559.0,2024-09-01
lightgbm_news,change_1,28.0,2024-09-01
lightgbm_news,panel_change_1,83.0,2024-09-01
lightgbm_news,relative_change_1,72.0,2024-09-01
lightgbm_news,change_2,36.0,2024-09-01
lightgbm_news,panel_change_2,128.0,2024-09-01
lightgbm_news,relative_change_2,36.0,2024-09-01
lightgbm_news,change_3,29.0,2024-09-01
lightgbm_news,panel_change_3,158.0,2024-09-01
lightgbm_news,relative_change_3,39.0,2024-09-01
lightgbm_news,change_6,72.0,2024-09-01
lightgbm_news,panel_change_6,119.0,2024-09-01
lightgbm_news,relative_change_6,42.0,2024-09-01
lightgbm_news,change_12,149.0,2024-09-01
lightgbm_news,panel_change_12,203.0,2024-09-01
lightgbm_news,relative_change_12,83.0,2024-09-01
lightgbm_news,std_3,31.0,2024-09-01
lightgbm_news,slope_3,0.0,2024-09-01
lightgbm_news,std_6,70.0,2024-09-01
lightgbm_news,slope_6,87.0,2024-09-01
lightgbm_news,category_ratio_0,0.0,2024-09-01
lightgbm_news,category_mom_0,14.0,2024-09-01
lightgbm_news,category_ratio_1,56.0,2024-09-01
lightgbm_news,category_mom_1,17.0,2024-09-01
lightgbm_news,category_ratio_2,91.0,2024-09-01
lightgbm_news,category_mom_2,28.0,2024-09-01
lightgbm_news,category_ratio_3,151.0,2024-09-01
lightgbm_news,category_mom_3,23.0,2024-09-01
lightgbm_news,category_ratio_4,92.0,2024-09-01
lightgbm_news,category_mom_4,8.0,2024-09-01
lightgbm_news,category_ratio_5,82.0,2024-09-01
lightgbm_news,category_mom_5,7.0,2024-09-01
lightgbm_news,news_rate,0.0,2024-09-01
lightgbm_news,news_rate_change_3m,28.0,2024-09-01
lightgbm_news,news_tightening_signal,9.0,2024-09-01
lightgbm_news,news_releases_3m,7.0,2024-09-01
catboost,category,4.548642032414112,2024-10-01
catboost,horizon,9.64983618442277,2024-10-01
catboost,month,18.672265264086207,2024-10-01
catboost,history_length,7.915077398747394,2024-10-01
catboost,log_base,3.1338070028139384,2024-10-01
catboost,log_level,1.7062956546266834,2024-10-01
catboost,base_change,29.495123467966398,2024-10-01
catboost,change_1,0.2605641525715459,2024-10-01
catboost,panel_change_1,1.7107476725961794,2024-10-01
catboost,relative_change_1,0.1474969055202206,2024-10-01
catboost,change_2,0.6598972328547741,2024-10-01
catboost,panel_change_2,2.7196668643093904,2024-10-01
catboost,relative_change_2,0.1550577476473464,2024-10-01
catboost,change_3,0.4674811436854295,2024-10-01
catboost,panel_change_3,3.2796503065684504,2024-10-01
catboost,relative_change_3,0.0372431173830949,2024-10-01
catboost,change_6,1.2137225690429576,2024-10-01
catboost,panel_change_6,1.5652015813200773,2024-10-01
catboost,relative_change_6,0.0479305903490668,2024-10-01
catboost,change_12,1.891761283842628,2024-10-01
catboost,panel_change_12,5.94711202849166,2024-10-01
catboost,relative_change_12,0.6101421036147335,2024-10-01
catboost,std_3,0.6974076629393811,2024-10-01
catboost,slope_3,0.0,2024-10-01
catboost,std_6,0.1083323874302263,2024-10-01
catboost,slope_6,0.2938937494064648,2024-10-01
catboost,category_ratio_0,0.0,2024-10-01
catboost,category_mom_0,0.5150674442614149,2024-10-01
catboost,category_ratio_1,0.368472776233002,2024-10-01
catboost,category_mom_1,0.0,2024-10-01
catboost,category_ratio_2,0.4525520075446181,2024-10-01
catboost,category_mom_2,0.1011316088345251,2024-10-01
catboost,category_ratio_3,0.4144981263452537,2024-10-01
catboost,category_mom_3,0.0059017914275028,2024-10-01
catboost,category_ratio_4,0.3096964174542214,2024-10-01
catboost,category_mom_4,0.6710631046524,2024-10-01
catboost,category_ratio_5,0.2229852428876007,2024-10-01
catboost,category_mom_5,0.0042753757083629,2024-10-01
lightgbm,category,227.0,2024-10-01
lightgbm,horizon,499.0,2024-10-01
lightgbm,month,1008.0,2024-10-01
lightgbm,history_length,273.0,2024-10-01
lightgbm,log_base,194.0,2024-10-01
lightgbm,log_level,83.0,2024-10-01
lightgbm,base_change,573.0,2024-10-01
lightgbm,change_1,26.0,2024-10-01
lightgbm,panel_change_1,110.0,2024-10-01
lightgbm,relative_change_1,62.0,2024-10-01
lightgbm,change_2,30.0,2024-10-01
lightgbm,panel_change_2,120.0,2024-10-01
lightgbm,relative_change_2,59.0,2024-10-01
lightgbm,change_3,48.0,2024-10-01
lightgbm,panel_change_3,152.0,2024-10-01
lightgbm,relative_change_3,34.0,2024-10-01
lightgbm,change_6,75.0,2024-10-01
lightgbm,panel_change_6,105.0,2024-10-01
lightgbm,relative_change_6,48.0,2024-10-01
lightgbm,change_12,162.0,2024-10-01
lightgbm,panel_change_12,177.0,2024-10-01
lightgbm,relative_change_12,99.0,2024-10-01
lightgbm,std_3,20.0,2024-10-01
lightgbm,slope_3,0.0,2024-10-01
lightgbm,std_6,53.0,2024-10-01
lightgbm,slope_6,79.0,2024-10-01
lightgbm,category_ratio_0,0.0,2024-10-01
lightgbm,category_mom_0,9.0,2024-10-01
lightgbm,category_ratio_1,57.0,2024-10-01
lightgbm,category_mom_1,17.0,2024-10-01
lightgbm,category_ratio_2,68.0,2024-10-01
lightgbm,category_mom_2,24.0,2024-10-01
lightgbm,category_ratio_3,193.0,2024-10-01
lightgbm,category_mom_3,15.0,2024-10-01
lightgbm,category_ratio_4,93.0,2024-10-01
lightgbm,category_mom_4,31.0,2024-10-01
lightgbm,category_ratio_5,74.0,2024-10-01
lightgbm,category_mom_5,3.0,2024-10-01
lightgbm_news,category,224.0,2024-10-01
lightgbm_news,horizon,495.0,2024-10-01
lightgbm_news,month,987.0,2024-10-01
lightgbm_news,history_length,229.0,2024-10-01
lightgbm_news,log_base,198.0,2024-10-01
lightgbm_news,log_level,102.0,2024-10-01
lightgbm_news,base_change,558.0,2024-10-01
lightgbm_news,change_1,21.0,2024-10-01
lightgbm_news,panel_change_1,83.0,2024-10-01
lightgbm_news,relative_change_1,63.0,2024-10-01
lightgbm_news,change_2,40.0,2024-10-01
lightgbm_news,panel_change_2,116.0,2024-10-01
lightgbm_news,relative_change_2,46.0,2024-10-01
lightgbm_news,change_3,48.0,2024-10-01
lightgbm_news,panel_change_3,142.0,2024-10-01
lightgbm_news,relative_change_3,28.0,2024-10-01
lightgbm_news,change_6,71.0,2024-10-01
lightgbm_news,panel_change_6,121.0,2024-10-01
lightgbm_news,relative_change_6,41.0,2024-10-01
lightgbm_news,change_12,164.0,2024-10-01
lightgbm_news,panel_change_12,187.0,2024-10-01
lightgbm_news,relative_change_12,114.0,2024-10-01
lightgbm_news,std_3,27.0,2024-10-01
lightgbm_news,slope_3,0.0,2024-10-01
lightgbm_news,std_6,70.0,2024-10-01
lightgbm_news,slope_6,81.0,2024-10-01
lightgbm_news,category_ratio_0,0.0,2024-10-01
lightgbm_news,category_mom_0,11.0,2024-10-01
lightgbm_news,category_ratio_1,65.0,2024-10-01
lightgbm_news,category_mom_1,10.0,2024-10-01
lightgbm_news,category_ratio_2,67.0,2024-10-01
lightgbm_news,category_mom_2,18.0,2024-10-01
lightgbm_news,category_ratio_3,173.0,2024-10-01
lightgbm_news,category_mom_3,15.0,2024-10-01
lightgbm_news,category_ratio_4,100.0,2024-10-01
lightgbm_news,category_mom_4,28.0,2024-10-01
lightgbm_news,category_ratio_5,73.0,2024-10-01
lightgbm_news,category_mom_5,7.0,2024-10-01
lightgbm_news,news_rate,0.0,2024-10-01
lightgbm_news,news_rate_change_3m,52.0,2024-10-01
lightgbm_news,news_tightening_signal,13.0,2024-10-01
lightgbm_news,news_releases_3m,12.0,2024-10-01
catboost,category,4.882800784489165,2024-11-01
catboost,horizon,8.800107351286194,2024-11-01
catboost,month,17.715382917483566,2024-11-01
catboost,history_length,8.83439587295701,2024-11-01
catboost,log_base,3.68647272841732,2024-11-01
catboost,log_level,0.7411432790514374,2024-11-01
catboost,base_change,31.55192913822983,2024-11-01
catboost,change_1,0.1270579115027614,2024-11-01
catboost,panel_change_1,1.866566166824432,2024-11-01
catboost,relative_change_1,0.1773324621645948,2024-11-01
catboost,change_2,0.5553169488041219,2024-11-01
catboost,panel_change_2,2.7761459964184403,2024-11-01
catboost,relative_change_2,0.1954453459918397,2024-11-01
catboost,change_3,0.7003447892144873,2024-11-01
catboost,panel_change_3,1.8483436783916487,2024-11-01
catboost,relative_change_3,0.0931065660971717,2024-11-01
catboost,change_6,1.1085143983376555,2024-11-01
catboost,panel_change_6,1.947148055009882,2024-11-01
catboost,relative_change_6,0.0989599660261835,2024-11-01
catboost,change_12,1.6864986856513036,2024-11-01
catboost,panel_change_12,6.479989341708613,2024-11-01
catboost,relative_change_12,0.6234424366465889,2024-11-01
catboost,std_3,0.3062511648188081,2024-11-01
catboost,slope_3,0.0,2024-11-01
catboost,std_6,0.1475167190336068,2024-11-01
catboost,slope_6,0.2097566414413974,2024-11-01
catboost,category_ratio_0,0.0,2024-11-01
catboost,category_mom_0,0.2781029819120655,2024-11-01
catboost,category_ratio_1,0.3101577989294872,2024-11-01
catboost,category_mom_1,0.0263918197999638,2024-11-01
catboost,category_ratio_2,0.4082374334500115,2024-11-01
catboost,category_mom_2,0.0404122602400791,2024-11-01
catboost,category_ratio_3,0.4755823771151189,2024-11-01
catboost,category_mom_3,0.0430072578129418,2024-11-01
catboost,category_ratio_4,0.3279050497074602,2024-11-01
catboost,category_mom_4,0.7656824990686012,2024-11-01
catboost,category_ratio_5,0.1645511759661894,2024-11-01
catboost,category_mom_5,0.0,2024-11-01
lightgbm,category,242.0,2024-11-01
lightgbm,horizon,431.0,2024-11-01
lightgbm,month,951.0,2024-11-01
lightgbm,history_length,304.0,2024-11-01
lightgbm,log_base,232.0,2024-11-01
lightgbm,log_level,67.0,2024-11-01
lightgbm,base_change,659.0,2024-11-01
lightgbm,change_1,35.0,2024-11-01
lightgbm,panel_change_1,71.0,2024-11-01
lightgbm,relative_change_1,54.0,2024-11-01
lightgbm,change_2,53.0,2024-11-01
lightgbm,panel_change_2,124.0,2024-11-01
lightgbm,relative_change_2,40.0,2024-11-01
lightgbm,change_3,40.0,2024-11-01
lightgbm,panel_change_3,139.0,2024-11-01
lightgbm,relative_change_3,36.0,2024-11-01
lightgbm,change_6,43.0,2024-11-01
lightgbm,panel_change_6,111.0,2024-11-01
lightgbm,relative_change_6,48.0,2024-11-01
lightgbm,change_12,160.0,2024-11-01
lightgbm,panel_change_12,158.0,2024-11-01
lightgbm,relative_change_12,136.0,2024-11-01
lightgbm,std_3,21.0,2024-11-01
lightgbm,slope_3,0.0,2024-11-01
lightgbm,std_6,74.0,2024-11-01
lightgbm,slope_6,85.0,2024-11-01
lightgbm,category_ratio_0,0.0,2024-11-01
lightgbm,category_mom_0,18.0,2024-11-01
lightgbm,category_ratio_1,81.0,2024-11-01
lightgbm,category_mom_1,21.0,2024-11-01
lightgbm,category_ratio_2,74.0,2024-11-01
lightgbm,category_mom_2,29.0,2024-11-01
lightgbm,category_ratio_3,136.0,2024-11-01
lightgbm,category_mom_3,14.0,2024-11-01
lightgbm,category_ratio_4,113.0,2024-11-01
lightgbm,category_mom_4,24.0,2024-11-01
lightgbm,category_ratio_5,69.0,2024-11-01
lightgbm,category_mom_5,7.0,2024-11-01
lightgbm_news,category,238.0,2024-11-01
lightgbm_news,horizon,428.0,2024-11-01
lightgbm_news,month,977.0,2024-11-01
lightgbm_news,history_length,246.0,2024-11-01
lightgbm_news,log_base,226.0,2024-11-01
lightgbm_news,log_level,81.0,2024-11-01
lightgbm_news,base_change,654.0,2024-11-01
lightgbm_news,change_1,36.0,2024-11-01
lightgbm_news,panel_change_1,74.0,2024-11-01
lightgbm_news,relative_change_1,49.0,2024-11-01
lightgbm_news,change_2,58.0,2024-11-01
lightgbm_news,panel_change_2,96.0,2024-11-01
lightgbm_news,relative_change_2,41.0,2024-11-01
lightgbm_news,change_3,36.0,2024-11-01
lightgbm_news,panel_change_3,135.0,2024-11-01
lightgbm_news,relative_change_3,34.0,2024-11-01
lightgbm_news,change_6,47.0,2024-11-01
lightgbm_news,panel_change_6,113.0,2024-11-01
lightgbm_news,relative_change_6,42.0,2024-11-01
lightgbm_news,change_12,153.0,2024-11-01
lightgbm_news,panel_change_12,160.0,2024-11-01
lightgbm_news,relative_change_12,138.0,2024-11-01
lightgbm_news,std_3,23.0,2024-11-01
lightgbm_news,slope_3,0.0,2024-11-01
lightgbm_news,std_6,54.0,2024-11-01
lightgbm_news,slope_6,88.0,2024-11-01
lightgbm_news,category_ratio_0,0.0,2024-11-01
lightgbm_news,category_mom_0,15.0,2024-11-01
lightgbm_news,category_ratio_1,81.0,2024-11-01
lightgbm_news,category_mom_1,18.0,2024-11-01
lightgbm_news,category_ratio_2,75.0,2024-11-01
lightgbm_news,category_mom_2,26.0,2024-11-01
lightgbm_news,category_ratio_3,135.0,2024-11-01
lightgbm_news,category_mom_3,10.0,2024-11-01
lightgbm_news,category_ratio_4,121.0,2024-11-01
lightgbm_news,category_mom_4,23.0,2024-11-01
lightgbm_news,category_ratio_5,56.0,2024-11-01
lightgbm_news,category_mom_5,7.0,2024-11-01
lightgbm_news,news_rate,0.0,2024-11-01
lightgbm_news,news_rate_change_3m,66.0,2024-11-01
lightgbm_news,news_tightening_signal,25.0,2024-11-01
lightgbm_news,news_releases_3m,15.0,2024-11-01
catboost,category,4.851269143568122,2024-12-01
catboost,horizon,8.808160408768046,2024-12-01
catboost,month,18.37677364907135,2024-12-01
catboost,history_length,15.657110396982626,2024-12-01
catboost,log_base,2.7057992704432436,2024-12-01
catboost,log_level,1.6546153608455585,2024-12-01
catboost,base_change,24.562981496894686,2024-12-01
catboost,change_1,0.215946648265556,2024-12-01
catboost,panel_change_1,2.580021222599221,2024-12-01
catboost,relative_change_1,0.11601754943280679,2024-12-01
catboost,change_2,0.3039180102486911,2024-12-01
catboost,panel_change_2,3.0150074099325397,2024-12-01
catboost,relative_change_2,0.08759978566382857,2024-12-01
catboost,change_3,0.388392051173508,2024-12-01
catboost,panel_change_3,1.3754508945631174,2024-12-01
catboost,relative_change_3,0.04751593511315122,2024-12-01
catboost,change_6,0.720851195000242,2024-12-01
catboost,panel_change_6,2.0500029860135327,2024-12-01
catboost,relative_change_6,0.07691556353698432,2024-12-01
catboost,change_12,2.481946502700035,2024-12-01
catboost,panel_change_12,6.0861311103458675,2024-12-01
catboost,relative_change_12,0.739256768765872,2024-12-01
catboost,std_3,0.47362115731861554,2024-12-01
catboost,slope_3,0.0,2024-12-01
catboost,std_6,0.1670664964723948,2024-12-01
catboost,slope_6,0.21474064304650428,2024-12-01
catboost,category_ratio_0,0.0,2024-12-01
catboost,category_mom_0,0.2535155062288154,2024-12-01
catboost,category_ratio_1,0.3188899999107903,2024-12-01
catboost,category_mom_1,0.010165589780220382,2024-12-01
catboost,category_ratio_2,0.5573431994655,2024-12-01
catboost,category_mom_2,0.10815038809290099,2024-12-01
catboost,category_ratio_3,0.31422632381222054,2024-12-01
catboost,category_mom_3,0.02144482683819935,2024-12-01
catboost,category_ratio_4,0.40249403782130777,2024-12-01
catboost,category_mom_4,0.13005255810604294,2024-12-01
catboost,category_ratio_5,0.12225874219591239,2024-12-01
catboost,category_mom_5,0.004347170981990381,2024-12-01
lightgbm,category,241.0,2024-12-01
lightgbm,horizon,391.0,2024-12-01
lightgbm,month,870.0,2024-12-01
lightgbm,history_length,376.0,2024-12-01
lightgbm,log_base,229.0,2024-12-01
lightgbm,log_level,97.0,2024-12-01
lightgbm,base_change,593.0,2024-12-01
lightgbm,change_1,23.0,2024-12-01
lightgbm,panel_change_1,92.0,2024-12-01
lightgbm,relative_change_1,49.0,2024-12-01
lightgbm,change_2,42.0,2024-12-01
lightgbm,panel_change_2,161.0,2024-12-01
lightgbm,relative_change_2,31.0,2024-12-01
lightgbm,change_3,47.0,2024-12-01
lightgbm,panel_change_3,159.0,2024-12-01
lightgbm,relative_change_3,28.0,2024-12-01
lightgbm,change_6,49.0,2024-12-01
lightgbm,panel_change_6,146.0,2024-12-01
lightgbm,relative_change_6,36.0,2024-12-01
lightgbm,change_12,155.0,2024-12-01
lightgbm,panel_change_12,205.0,2024-12-01
lightgbm,relative_change_12,171.0,2024-12-01
lightgbm,std_3,32.0,2024-12-01
lightgbm,slope_3,0.0,2024-12-01
lightgbm,std_6,69.0,2024-12-01
lightgbm,slope_6,63.0,2024-12-01
lightgbm,category_ratio_0,0.0,2024-12-01
lightgbm,category_mom_0,13.0,2024-12-01
lightgbm,category_ratio_1,75.0,2024-12-01
lightgbm,category_mom_1,18.0,2024-12-01
lightgbm,category_ratio_2,79.0,2024-12-01
lightgbm,category_mom_2,17.0,2024-12-01
lightgbm,category_ratio_3,134.0,2024-12-01
lightgbm,category_mom_3,21.0,2024-12-01
lightgbm,category_ratio_4,104.0,2024-12-01
lightgbm,category_mom_4,26.0,2024-12-01
lightgbm,category_ratio_5,46.0,2024-12-01
lightgbm,category_mom_5,12.0,2024-12-01
lightgbm_news,category,248.0,2024-12-01
lightgbm_news,horizon,394.0,2024-12-01
lightgbm_news,month,871.0,2024-12-01
lightgbm_news,history_length,328.0,2024-12-01
lightgbm_news,log_base,233.0,2024-12-01
lightgbm_news,log_level,103.0,2024-12-01
lightgbm_news,base_change,574.0,2024-12-01
lightgbm_news,change_1,33.0,2024-12-01
lightgbm_news,panel_change_1,87.0,2024-12-01
lightgbm_news,relative_change_1,47.0,2024-12-01
lightgbm_news,change_2,43.0,2024-12-01
lightgbm_news,panel_change_2,136.0,2024-12-01
lightgbm_news,relative_change_2,27.0,2024-12-01
lightgbm_news,change_3,49.0,2024-12-01
lightgbm_news,panel_change_3,142.0,2024-12-01
lightgbm_news,relative_change_3,26.0,2024-12-01
lightgbm_news,change_6,48.0,2024-12-01
lightgbm_news,panel_change_6,123.0,2024-12-01
lightgbm_news,relative_change_6,42.0,2024-12-01
lightgbm_news,change_12,160.0,2024-12-01
lightgbm_news,panel_change_12,176.0,2024-12-01
lightgbm_news,relative_change_12,166.0,2024-12-01
lightgbm_news,std_3,31.0,2024-12-01
lightgbm_news,slope_3,0.0,2024-12-01
lightgbm_news,std_6,73.0,2024-12-01
lightgbm_news,slope_6,77.0,2024-12-01
lightgbm_news,category_ratio_0,0.0,2024-12-01
lightgbm_news,category_mom_0,15.0,2024-12-01
lightgbm_news,category_ratio_1,80.0,2024-12-01
lightgbm_news,category_mom_1,18.0,2024-12-01
lightgbm_news,category_ratio_2,70.0,2024-12-01
lightgbm_news,category_mom_2,13.0,2024-12-01
lightgbm_news,category_ratio_3,127.0,2024-12-01
lightgbm_news,category_mom_3,27.0,2024-12-01
lightgbm_news,category_ratio_4,109.0,2024-12-01
lightgbm_news,category_mom_4,16.0,2024-12-01
lightgbm_news,category_ratio_5,53.0,2024-12-01
lightgbm_news,category_mom_5,12.0,2024-12-01
lightgbm_news,news_rate,0.0,2024-12-01
lightgbm_news,news_rate_change_3m,69.0,2024-12-01
lightgbm_news,news_tightening_signal,27.0,2024-12-01
lightgbm_news,news_releases_3m,27.0,2024-12-01
