split,category,horizon,coverage,n
development,Все категории,1,0.8974317687786812,12421
development,Все категории,3,0.9893488259501332,4131
development,Здоровье,1,0.7923677642701876,12421
development,Здоровье,3,0.8823529411764706,4131
development,Маркетплейсы,1,0.9195716931003944,12421
development,Маркетплейсы,3,0.9634471072379569,4131
development,Общественное питание,1,0.8223170437162869,12421
development,Общественное питание,3,0.9189058339385137,4131
development,Продовольствие,1,0.8815715320827631,12421
development,Продовольствие,3,0.9414185427257322,4131
development,Транспорт,1,0.8401900008050882,12421
development,Транспорт,3,0.9431130476882111,4131
test,Все категории,1,0.9015212169735789,6245
test,Все категории,3,0.9799067674007395,6221
test,Здоровье,1,0.7852682145716573,6245
test,Здоровье,3,0.8353962385468574,6221
test,Маркетплейсы,1,0.8590872698158527,6245
test,Маркетплейсы,3,0.90869635106896,6221
test,Общественное питание,1,0.855404323458767,6245
test,Общественное питание,3,0.9385950811766597,6221
test,Продовольствие,1,0.8947958366693355,6245
test,Продовольствие,3,0.9670470985372127,6221
test,Транспорт,1,0.8488390712570056,6245
test,Транспорт,3,0.937148368429513,6221
