split,category,horizon,model,n,mae,rmse,r2,wape,target_months,origins
development,Все категории,1,catboost,4385,1452.2492487953418,1995.892179498718,0.9637802767881635,0.049015987302618115,9,9
development,Все категории,1,chronos_raw,4385,2140.23506538626,2743.2730880122613,0.9315759052801504,0.0722367285619955,9,9
development,Все категории,1,chronos_seasonal,4385,1079.2710609842866,1401.236728790058,0.9821477072913338,0.0364273120920334,9,9
development,Все категории,1,damped_trend,4385,2108.5564269091565,3231.656250568165,0.9050442448306824,0.07116751834023366,9,9
development,Все категории,1,lightgbm,4385,1398.332554109995,1890.0167697709082,0.9675210269091095,0.047196203250887116,9,9
development,Все категории,1,lightgbm_news,4385,1393.9538456585935,1913.7532275601882,0.9667001063502995,0.047048414076243855,9,9
development,Все категории,1,naive,4385,2096.309464082098,3099.3534581968775,0.9126599998290821,0.07075416162827483,9,9
development,Все категории,1,panel_shrink,4385,1045.7926839079428,1364.5366435105632,0.9830706072758983,0.03529735750121675,9,9
development,Все категории,1,pooled_yoy_damped,4385,1085.5119189792147,1459.89597686146,0.9806217391465062,0.036637952115769395,9,9
development,Все категории,1,prophet_default,4385,1665.95695380121,2367.397360687408,0.9490418922943326,0.05622900129710186,9,9
development,Все категории,1,prophet_monthly,4385,2431.609581551481,4691.538691462538,0.7998748921979444,0.0820711351533627,9,9
development,Все категории,1,ridge_panel,4385,1137.4707271199559,1543.3057976652697,0.9783441642138198,0.0383916540248586,9,9
development,Все категории,1,seasonal_growth,4385,1105.3064830146436,1476.5101746573448,0.9801781647442845,0.03730605375205965,9,9
development,Все категории,1,seasonal_naive,4385,3954.8102622576966,4570.43110185292,0.8100736128162065,0.1334818590953909,9,9
development,Все категории,1,seasonal_ratio,4385,947.0575389241767,1232.5749373515102,0.9861866937771994,0.031964871278992196,9,9
development,Все категории,1,signal_adaptive,4385,974.5523411855418,1268.1992339407655,0.9853766812280975,0.03289286960961553,9,9
development,Все категории,1,signal_ensemble,4385,1000.649596961442,1297.6311804349266,0.9846900589217272,0.03377369826819862,9,9
development,Все категории,3,catboost,3402,2387.1845602187045,3280.8632072789596,0.9052855980562982,0.07803927054366394,7,7
development,Все категории,3,chronos_raw,3402,2819.7072247253454,3364.005900609532,0.9004243218835888,0.0921788363712042,7,7
development,Все категории,3,chronos_seasonal,3402,2101.640570921044,2622.424671192482,0.9394873992321963,0.06870457351006899,7,7
development,Все категории,3,damped_trend,3402,2151.4251562298305,2813.6562906546746,0.9303402578028588,0.07033207763629397,7,7
development,Все категории,3,lightgbm,3402,2083.591664389932,2856.9699109933244,0.9281790562019677,0.06811453806694862,7,7
development,Все категории,3,lightgbm_news,3402,2157.861051054042,2948.1392988368457,0.9235221315841287,0.07054247298893951,7,7
development,Все категории,3,naive,3402,2203.14050558495,2891.48614738262,0.9264331760591485,0.07202270022444213,7,7
development,Все категории,3,panel_shrink,3402,1578.2192059937165,1998.0256493473053,0.9648729326749114,0.05159344511781964,7,7
development,Все категории,3,pooled_yoy_damped,3402,1917.7590276665721,2436.307230611193,0.9477719413496233,0.06269331583809934,7,7
development,Все категории,3,prophet_default,3402,1497.1440428591638,2041.91178069896,0.9633128711996102,0.04894302307016305,7,7
development,Все категории,3,prophet_monthly,3402,2885.32613522057,7308.455589922455,0.5300074222746474,0.09432397922871673,7,7
development,Все категории,3,ridge_panel,3402,1714.7802404965619,2262.1370871320396,0.9549725228239989,0.05605775160458487,7,7
development,Все категории,3,seasonal_growth,3402,1693.1811072758778,2184.2715701798597,0.9580189746933475,0.0553516559683249,7,7
development,Все категории,3,seasonal_naive,3402,4296.428571428572,4799.313244951078,0.797326032953461,0.14045422262052662,7,7
development,Все категории,3,seasonal_ratio,3402,1732.4841740112593,2132.813415819235,0.9599736947922911,0.056636509560825145,7,7
development,Все категории,3,signal_adaptive,3402,1706.8045139871856,2125.1396011099932,0.9602612041261916,0.05579701773037178,7,7
development,Все категории,3,signal_ensemble,3402,1690.16763297816,2197.2034844654677,0.9575204083747989,0.05525314270717411,7,7
development,Все категории,6,catboost,1933,3651.7114948584735,4506.681104234691,0.8303496705344162,0.11777941214066545,4,4
development,Все категории,6,chronos_raw,1933,4370.768813857992,5233.792631868485,0.7711904884859072,0.14097131775709987,4,4
development,Все категории,6,chronos_seasonal,1933,3888.4446779148498,4504.971145036017,0.8304783861456022,0.12541481684715067,4,4
development,Все категории,6,damped_trend,1933,3543.158461011024,4363.867170664734,0.8409315325942971,0.11427822850919846,4,4
development,Все категории,6,lightgbm,1933,3278.8929401165765,4220.039906209043,0.8512441113696209,0.10575481757056925,4,4
development,Все категории,6,lightgbm_news,1933,3377.126056174597,4274.999625939569,0.8473442338778931,0.10892315074211073,4,4
development,Все категории,6,naive,1933,3456.1489912053803,4625.225251152713,0.821307293408213,0.11147189394010434,4,4
development,Все категории,6,panel_shrink,1933,2034.7690064054436,2464.889704658369,0.9492500016181192,0.0656278289656525,4,4
development,Все категории,6,pooled_yoy_damped,1933,2240.903090230375,2842.0940885588984,0.932528874678337,0.07227631454542473,4,4
development,Все категории,6,prophet_default,1933,2074.703611085653,2779.3278233769324,0.9354761012261473,0.06691584809584043,4,4
development,Все категории,6,prophet_monthly,1933,3372.1134288196085,5206.862171115284,0.7735391074962301,0.10876147742701395,4,4
development,Все категории,6,ridge_panel,1933,2206.71821931001,3005.6934304946567,0.9245376344301344,0.07117374277687893,4,4
development,Все категории,6,seasonal_growth,1933,2196.3806824389744,2713.750358103223,0.9384850268821844,0.07084032404504119,4,4
development,Все категории,6,seasonal_naive,1933,4319.879461976203,4770.015836525448,0.8099443902914822,0.1393299728816091,4,4
development,Все категории,6,seasonal_ratio,1933,2110.6899323594967,2628.5358713252317,0.942287635575258,0.06807652241819752,4,4
development,Все категории,6,signal_adaptive,1933,1989.0326681467336,2463.9595166655554,0.9492882979618952,0.06415268531283053,4,4
development,Все категории,6,signal_ensemble,1933,2660.121506736918,3203.256135369292,0.914291403336557,0.0857974535303091,4,4
test,Все категории,1,catboost,1478,1229.5024299897423,1576.8831072289956,0.9822301914517388,0.03725811460443337,3,3
test,Все категории,1,chronos_raw,1478,3016.2947771746026,4082.40793592472,0.8808986877698843,0.09140401332078925,3,3
test,Все категории,1,chronos_seasonal,1478,1074.2962605547448,1449.5238457732194,0.9849846840224802,0.03255483862296786,3,3
test,Все категории,1,damped_trend,1478,2506.947867299906,3548.4142434253804,0.9100186768555403,0.07596906575286638,3,3
test,Все категории,1,lightgbm,1478,1134.7974781809423,1507.5817144603093,0.9837577769668489,0.034388231746105835,3,3
test,Все категории,1,lightgbm_news,1478,1165.3785369960774,1531.413900856301,0.9832401967028954,0.035314942069133604,3,3
test,Все категории,1,naive,1478,2654.853856562923,3728.0140067294237,0.9006795180868263,0.08045112139117003,3,3
test,Все категории,1,panel_shrink,1478,880.4108685622931,1407.268715890225,0.9858473484593078,0.026679450353063808,3,3
test,Все категории,1,pooled_yoy_damped,1478,1027.1536589014092,1460.93531549349,0.9847473353323362,0.031126257099004722,3,3
test,Все категории,1,prophet_default,1478,2251.8054595151557,3133.457396525867,0.9298332540977554,0.06823738109912021,3,3
test,Все категории,1,prophet_monthly,1478,2706.437497489411,3629.3023535044126,0.9058695688270862,0.08201428154317482,3,3
test,Все категории,1,ridge_panel,1478,1087.626949231453,1601.9165859227862,0.9816615112434143,0.03295880392987413,3,3
test,Все категории,1,seasonal_growth,1478,930.1996182420846,1353.6030616274768,0.9869061788866638,0.02818821918209052,3,3
test,Все категории,1,seasonal_naive,1478,4475.698917456021,5043.513634373189,0.8182183061987054,0.13562893340756232,3,3
test,Все категории,1,seasonal_ratio,1478,925.78777169622,1253.5591809846517,0.9887701635500581,0.028054525193194242,3,3
test,Все категории,1,signal_adaptive,1478,949.5599314009576,1272.1537680475856,0.9884345385706362,0.028774902663844214,3,3
test,Все категории,1,signal_ensemble,1478,801.714586499607,1150.942739104646,0.9905334620067882,0.024294684756416034,3,3
test,Все категории,3,catboost,1474,1002.5750995145702,1422.8287533085938,0.9855311192199232,0.03039802744828667,3,3
test,Все категории,3,chronos_raw,1474,3565.7389881646454,5164.717828373767,0.8093561191514513,0.10811302982503368,3,3
test,Все категории,3,chronos_seasonal,1474,1949.709439684439,2453.75481002492,0.9569679535625302,0.05911509381432616,3,3
test,Все категории,3,damped_trend,1474,3439.377968953307,4655.354950866468,0.8451057588234059,0.10428176997004669,3,3
test,Все категории,3,lightgbm,1474,945.5154995077979,1359.2697091014568,0.9867949226390877,0.0286679831972037,3,3
test,Все категории,3,lightgbm_news,1474,904.1064950353166,1337.1899354401842,0.9872204409115805,0.027412464228928724,3,3
test,Все категории,3,naive,1474,3202.20013568521,4756.574775363339,0.8382969062965481,0.09709054979182803,3,3
test,Все категории,3,panel_shrink,1474,1016.8304248146425,1524.3985652914946,0.9833916405812144,0.030830248206577662,3,3
test,Все категории,3,pooled_yoy_damped,1474,1139.1284956695374,1656.3660119293406,0.9803915939024489,0.03453831966827626,3,3
test,Все категории,3,prophet_default,1474,2431.1745561107145,3175.4221470301322,0.9279336359975812,0.07371309233992765,3,3
test,Все категории,3,prophet_monthly,1474,2718.6965264733185,5839.674478127615,0.7562711441645218,0.08243074426575317,3,3
test,Все категории,3,ridge_panel,1474,1365.8702448339702,2114.570868576885,0.9680423996190365,0.04141311829244934,3,3
test,Все категории,3,seasonal_growth,1474,1218.2731821761672,1698.4222468724636,0.9793832116891878,0.036937982650111174,3,3
test,Все категории,3,seasonal_naive,1474,4460.63907734057,5009.359897982671,0.8206529896521191,0.13524635628348577,3,3
test,Все категории,3,seasonal_ratio,1474,1008.7528803064722,1452.2035439912559,0.9849275220699809,0.03058533745645729,3,3
test,Все категории,3,signal_adaptive,1474,897.8007731171093,1380.652139713723,0.9863762014689217,0.02722127505213415,3,3
test,Все категории,3,signal_ensemble,1474,883.0540092846396,1307.0992403872103,0.987789124688016,0.026774153901838415,3,3
test,Все категории,6,catboost,1465,1553.6701643378572,2012.3799428323405,0.971198122717227,0.047098980127054234,3,3
test,Все категории,6,chronos_raw,1465,5669.9785469549915,6842.743745969228,0.6669868461791235,0.17188346216178282,3,3
test,Все категории,6,chronos_seasonal,1465,3031.8240747292766,3642.6325877023787,0.9056305177069417,0.09190871082039184,3,3
test,Все категории,6,damped_trend,1465,2432.136743068202,3399.634944749721,0.9178012137458381,0.07372939428032786,3,3
test,Все категории,6,lightgbm,1465,1421.1905782352924,1868.4938163252696,0.9751695743022252,0.043082906743972776,3,3
test,Все категории,6,lightgbm_news,1465,1438.1107576131146,1881.9544615015122,0.9748105284679655,0.04359583620001461,3,3
test,Все категории,6,naive,1465,3001.2211604095564,4118.613878048112,0.8793567598834064,0.09098099393011563,3,3
test,Все категории,6,panel_shrink,1465,1323.308681245658,1751.97355539965,0.9781698897758015,0.04011565048396863,3,3
test,Все категории,6,pooled_yoy_damped,1465,2958.626705948899,3749.502780995244,0.9000119277104779,0.08968975759809776,3,3
test,Все категории,6,prophet_default,1465,2358.5416010060117,3110.5222190429254,0.9311874817822602,0.07149838269691879,3,3
test,Все категории,6,prophet_monthly,1465,2986.5622564675573,6543.942724673343,0.6954351255933844,0.09053661426621003,3,3
test,Все категории,6,ridge_panel,1465,1380.2683165405983,1892.3360452419035,0.9745318523374822,0.041842362364249854,3,3
test,Все категории,6,seasonal_growth,1465,1807.5959328438616,2381.2989907630777,0.9596699564262053,0.05479665303030409,3,3
test,Все категории,6,seasonal_naive,1465,4415.432081911263,4887.430087486496,0.830112294216569,0.1338523147652292,3,3
test,Все категории,6,seasonal_ratio,1465,2677.5549003050933,3115.3938392040704,0.9309717681878431,0.08116916185509158,3,3
test,Все категории,6,signal_adaptive,1465,1980.465336885428,2549.325566778248,0.9537777120924923,0.060037129942596086,3,3
test,Все категории,6,signal_ensemble,1465,1101.240073639365,1554.7640022818855,0.9828078659414197,0.03338371652747865,3,3
test,Все категории,12,catboost,479,2262.8376320663233,2790.3151825028285,0.9520693265205751,0.06143921278846699,1,1
test,Все категории,12,chronos_raw,479,11079.437200303366,12005.762575749593,0.11266725563360835,0.30082224640408667,1,1
test,Все категории,12,chronos_seasonal,479,6405.603443819088,7386.9677162155485,0.6640772561277926,0.17392111013460596,1,1
test,Все категории,12,damped_trend,479,2749.9617891044513,3417.143689330655,0.9281157924955434,0.07466531629432868,1,1
test,Все категории,12,lightgbm,479,1385.4783067001895,1787.501450798193,0.9803302059390383,0.03761767759776365,1,1
test,Все категории,12,lightgbm_news,479,1336.7984961623088,1796.0780160010588,0.9801409988342781,0.036295952523124515,1,1
test,Все категории,12,naive,479,4771.592901878915,5331.442765753881,0.8250167374433005,0.12955543406389874,1,1
test,Все категории,12,panel_shrink,479,2078.1213333452674,2532.1491062636237,0.9605283248149123,0.05642390642189497,1,1
test,Все категории,12,pooled_yoy_damped,479,2078.1213333452674,2532.1491062636237,0.9605283248149123,0.05642390642189497,1,1
test,Все категории,12,prophet_default,479,3054.257697815248,3887.988653980168,0.9069412992440746,0.0829273766476694,1,1
test,Все категории,12,prophet_monthly,479,7745.749259293063,8757.974766572508,0.5278126085497551,0.21030794706788258,1,1
test,Все категории,12,ridge_panel,479,3056.6839336843113,3590.32164068126,0.9206451051274143,0.08299325235157409,1,1
test,Все категории,12,seasonal_growth,479,2432.943813929826,3200.5098666644208,0.9369412514147106,0.06605783400814409,1,1
test,Все категории,12,seasonal_naive,479,4771.592901878915,5331.442765753881,0.8250167374433005,0.12955543406389874,1,1
test,Все категории,12,seasonal_ratio,479,2078.1213333452674,2532.1491062636237,0.9605283248149123,0.05642390642189497,1,1
test,Все категории,12,signal_adaptive,479,2078.1213333452674,2532.1491062636237,0.9605283248149123,0.05642390642189497,1,1
test,Все категории,12,signal_ensemble,479,2511.1298620786765,2974.1577993545816,0.9455453437077025,0.06818069478314369,1,1
